[{"ID":"44_21_1__44_21_1__dominanteFarbe","entity_1_ID":"44_21_1","entity_2_ID":"44_21_1","href":"","similarity":1.0},{"ID":"44_21_1__45_7_2__dominanteFarbe","entity_1_ID":"44_21_1","entity_2_ID":"45_7_2","href":"","similarity":0.625},{"ID":"44_21_1__45_7_3__dominanteFarbe","entity_1_ID":"44_21_1","entity_2_ID":"45_7_3","href":"","similarity":0.625},{"ID":"44_21_1__45_7_5__dominanteFarbe","entity_1_ID":"44_21_1","entity_2_ID":"45_7_5","href":"","similarity":0.625},{"ID":"44_21_1__45_10_2__dominanteFarbe","entity_1_ID":"44_21_1","entity_2_ID":"45_10_2","href":"","similarity":0.625},{"ID":"44_21_1__46_4_1__dominanteFarbe","entity_1_ID":"44_21_1","entity_2_ID":"46_4_1","href":"","similarity":1.0},{"ID":"44_21_1__46_20_1__dominanteFarbe","entity_1_ID":"44_21_1","entity_2_ID":"46_20_1","href":"","similarity":0.625},{"ID":"44_21_1__47_18_3__dominanteFarbe","entity_1_ID":"44_21_1","entity_2_ID":"47_18_3","href":"","similarity":0.625},{"ID":"44_21_1__48_5_1__dominanteFarbe","entity_1_ID":"44_21_1","entity_2_ID":"48_5_1","href":"","similarity":0.625},{"ID":"44_21_1__48_5_5__dominanteFarbe","entity_1_ID":"44_21_1","entity_2_ID":"48_5_5","href":"","similarity":0.625},{"ID":"44_21_1__48_7_1__dominanteFarbe","entity_1_ID":"44_21_1","entity_2_ID":"48_7_1","href":"","similarity":0.625},{"ID":"44_21_1__48_9_3__dominanteFarbe","entity_1_ID":"44_21_1","entity_2_ID":"48_9_3","href":"","similarity":1.0},{"ID":"44_21_1__48_19_1__dominanteFarbe","entity_1_ID":"44_21_1","entity_2_ID":"48_19_1","href":"","similarity":0.625},{"ID":"44_21_1__48_19_3__dominanteFarbe","entity_1_ID":"44_21_1","entity_2_ID":"48_19_3","href":"","similarity":0.625},{"ID":"44_21_1__49_7_1__dominanteFarbe","entity_1_ID":"44_21_1","entity_2_ID":"49_7_1","href":"","similarity":0.625},{"ID":"44_21_1__49_9_2__dominanteFarbe","entity_1_ID":"44_21_1","entity_2_ID":"49_9_2","href":"","similarity":0.625},{"ID":"44_21_1__49_9_3__dominanteFarbe","entity_1_ID":"44_21_1","entity_2_ID":"49_9_3","href":"","similarity":0.625},{"ID":"44_21_1__49_11_5__dominanteFarbe","entity_1_ID":"44_21_1","entity_2_ID":"49_11_5","href":"","similarity":1.0},{"ID":"44_21_1__49_18_1__dominanteFarbe","entity_1_ID":"44_21_1","entity_2_ID":"49_18_1","href":"","similarity":0.625},{"ID":"44_21_1__51_1_1__dominanteFarbe","entity_1_ID":"44_21_1","entity_2_ID":"51_1_1","href":"","similarity":0.625},{"ID":"44_21_1__51_3_2__dominanteFarbe","entity_1_ID":"44_21_1","entity_2_ID":"51_3_2","href":"","similarity":0.625},{"ID":"44_21_1__55_2_8__dominanteFarbe","entity_1_ID":"44_21_1","entity_2_ID":"55_2_8","href":"","similarity":0.625},{"ID":"44_21_1__55_2_15__dominanteFarbe","entity_1_ID":"44_21_1","entity_2_ID":"55_2_15","href":"","similarity":0.625},{"ID":"44_21_1__55_6_9__dominanteFarbe","entity_1_ID":"44_21_1","entity_2_ID":"55_6_9","href":"","similarity":0.625},{"ID":"44_21_1__56_10_8__dominanteFarbe","entity_1_ID":"44_21_1","entity_2_ID":"56_10_8","href":"","similarity":0.625},{"ID":"44_21_1__58_8_8__dominanteFarbe","entity_1_ID":"44_21_1","entity_2_ID":"58_8_8","href":"","similarity":0.625},{"ID":"44_21_1__60_4_1__dominanteFarbe","entity_1_ID":"44_21_1","entity_2_ID":"60_4_1","href":"","similarity":0.625},{"ID":"44_21_1__60_30_1__dominanteFarbe","entity_1_ID":"44_21_1","entity_2_ID":"60_30_1","href":"","similarity":0.625},{"ID":"44_21_1__61_9_6__dominanteFarbe","entity_1_ID":"44_21_1","entity_2_ID":"61_9_6","href":"","similarity":0.625},{"ID":"44_21_1__62_1_9__dominanteFarbe","entity_1_ID":"44_21_1","entity_2_ID":"62_1_9","href":"","similarity":0.625},{"ID":"44_21_1__62_3_14__dominanteFarbe","entity_1_ID":"44_21_1","entity_2_ID":"62_3_14","href":"","similarity":0.625},{"ID":"44_21_1__62_8_6__dominanteFarbe","entity_1_ID":"44_21_1","entity_2_ID":"62_8_6","href":"","similarity":0.625},{"ID":"44_21_1__63_3_6__dominanteFarbe","entity_1_ID":"44_21_1","entity_2_ID":"63_3_6","href":"","similarity":1.0},{"ID":"44_21_1__63_3_9__dominanteFarbe","entity_1_ID":"44_21_1","entity_2_ID":"63_3_9","href":"","similarity":0.625},{"ID":"44_21_1__63_6_3__dominanteFarbe","entity_1_ID":"44_21_1","entity_2_ID":"63_6_3","href":"","similarity":0.625},{"ID":"44_21_1__63_17_8__dominanteFarbe","entity_1_ID":"44_21_1","entity_2_ID":"63_17_8","href":"","similarity":0.625},{"ID":"44_21_1__64_2_1__dominanteFarbe","entity_1_ID":"44_21_1","entity_2_ID":"64_2_1","href":"","similarity":0.625},{"ID":"44_21_1__64_4_4__dominanteFarbe","entity_1_ID":"44_21_1","entity_2_ID":"64_4_4","href":"","similarity":0.625},{"ID":"44_21_1__64_27_1__dominanteFarbe","entity_1_ID":"44_21_1","entity_2_ID":"64_27_1","href":"","similarity":0.625},{"ID":"44_21_1__93_3_3__dominanteFarbe","entity_1_ID":"44_21_1","entity_2_ID":"93_3_3","href":"","similarity":0.625},{"ID":"45_7_2__45_7_2__dominanteFarbe","entity_1_ID":"45_7_2","entity_2_ID":"45_7_2","href":"","similarity":1.0},{"ID":"45_7_2__45_7_3__dominanteFarbe","entity_1_ID":"45_7_2","entity_2_ID":"45_7_3","href":"","similarity":1.0},{"ID":"45_7_2__45_7_5__dominanteFarbe","entity_1_ID":"45_7_2","entity_2_ID":"45_7_5","href":"","similarity":1.0},{"ID":"45_7_2__45_10_2__dominanteFarbe","entity_1_ID":"45_7_2","entity_2_ID":"45_10_2","href":"","similarity":0.875},{"ID":"45_7_2__46_4_1__dominanteFarbe","entity_1_ID":"45_7_2","entity_2_ID":"46_4_1","href":"","similarity":0.625},{"ID":"45_7_2__46_20_1__dominanteFarbe","entity_1_ID":"45_7_2","entity_2_ID":"46_20_1","href":"","similarity":0.625},{"ID":"45_7_2__47_18_3__dominanteFarbe","entity_1_ID":"45_7_2","entity_2_ID":"47_18_3","href":"","similarity":0.625},{"ID":"45_7_2__48_5_1__dominanteFarbe","entity_1_ID":"45_7_2","entity_2_ID":"48_5_1","href":"","similarity":0.625},{"ID":"45_7_2__48_5_5__dominanteFarbe","entity_1_ID":"45_7_2","entity_2_ID":"48_5_5","href":"","similarity":0.625},{"ID":"45_7_2__48_7_1__dominanteFarbe","entity_1_ID":"45_7_2","entity_2_ID":"48_7_1","href":"","similarity":0.625},{"ID":"45_7_2__48_9_3__dominanteFarbe","entity_1_ID":"45_7_2","entity_2_ID":"48_9_3","href":"","similarity":0.625},{"ID":"45_7_2__48_19_1__dominanteFarbe","entity_1_ID":"45_7_2","entity_2_ID":"48_19_1","href":"","similarity":0.625},{"ID":"45_7_2__48_19_3__dominanteFarbe","entity_1_ID":"45_7_2","entity_2_ID":"48_19_3","href":"","similarity":1.0},{"ID":"45_7_2__49_7_1__dominanteFarbe","entity_1_ID":"45_7_2","entity_2_ID":"49_7_1","href":"","similarity":0.625},{"ID":"45_7_2__49_9_2__dominanteFarbe","entity_1_ID":"45_7_2","entity_2_ID":"49_9_2","href":"","similarity":0.625},{"ID":"45_7_2__49_9_3__dominanteFarbe","entity_1_ID":"45_7_2","entity_2_ID":"49_9_3","href":"","similarity":0.625},{"ID":"45_7_2__49_11_5__dominanteFarbe","entity_1_ID":"45_7_2","entity_2_ID":"49_11_5","href":"","similarity":0.625},{"ID":"45_7_2__49_18_1__dominanteFarbe","entity_1_ID":"45_7_2","entity_2_ID":"49_18_1","href":"","similarity":0.625},{"ID":"45_7_2__51_1_1__dominanteFarbe","entity_1_ID":"45_7_2","entity_2_ID":"51_1_1","href":"","similarity":0.625},{"ID":"45_7_2__51_3_2__dominanteFarbe","entity_1_ID":"45_7_2","entity_2_ID":"51_3_2","href":"","similarity":0.625},{"ID":"45_7_2__55_2_8__dominanteFarbe","entity_1_ID":"45_7_2","entity_2_ID":"55_2_8","href":"","similarity":0.625},{"ID":"45_7_2__55_2_15__dominanteFarbe","entity_1_ID":"45_7_2","entity_2_ID":"55_2_15","href":"","similarity":0.625},{"ID":"45_7_2__55_6_9__dominanteFarbe","entity_1_ID":"45_7_2","entity_2_ID":"55_6_9","href":"","similarity":0.625},{"ID":"45_7_2__56_10_8__dominanteFarbe","entity_1_ID":"45_7_2","entity_2_ID":"56_10_8","href":"","similarity":0.625},{"ID":"45_7_2__58_8_8__dominanteFarbe","entity_1_ID":"45_7_2","entity_2_ID":"58_8_8","href":"","similarity":0.625},{"ID":"45_7_2__60_4_1__dominanteFarbe","entity_1_ID":"45_7_2","entity_2_ID":"60_4_1","href":"","similarity":0.875},{"ID":"45_7_2__60_30_1__dominanteFarbe","entity_1_ID":"45_7_2","entity_2_ID":"60_30_1","href":"","similarity":0.625},{"ID":"45_7_2__61_9_6__dominanteFarbe","entity_1_ID":"45_7_2","entity_2_ID":"61_9_6","href":"","similarity":0.875},{"ID":"45_7_2__62_1_9__dominanteFarbe","entity_1_ID":"45_7_2","entity_2_ID":"62_1_9","href":"","similarity":0.625},{"ID":"45_7_2__62_3_14__dominanteFarbe","entity_1_ID":"45_7_2","entity_2_ID":"62_3_14","href":"","similarity":1.0},{"ID":"45_7_2__62_8_6__dominanteFarbe","entity_1_ID":"45_7_2","entity_2_ID":"62_8_6","href":"","similarity":0.875},{"ID":"45_7_2__63_3_6__dominanteFarbe","entity_1_ID":"45_7_2","entity_2_ID":"63_3_6","href":"","similarity":0.625},{"ID":"45_7_2__63_3_9__dominanteFarbe","entity_1_ID":"45_7_2","entity_2_ID":"63_3_9","href":"","similarity":0.875},{"ID":"45_7_2__63_6_3__dominanteFarbe","entity_1_ID":"45_7_2","entity_2_ID":"63_6_3","href":"","similarity":0.625},{"ID":"45_7_2__63_17_8__dominanteFarbe","entity_1_ID":"45_7_2","entity_2_ID":"63_17_8","href":"","similarity":1.0},{"ID":"45_7_2__64_2_1__dominanteFarbe","entity_1_ID":"45_7_2","entity_2_ID":"64_2_1","href":"","similarity":0.625},{"ID":"45_7_2__64_4_4__dominanteFarbe","entity_1_ID":"45_7_2","entity_2_ID":"64_4_4","href":"","similarity":0.625},{"ID":"45_7_2__64_27_1__dominanteFarbe","entity_1_ID":"45_7_2","entity_2_ID":"64_27_1","href":"","similarity":0.625},{"ID":"45_7_2__93_3_3__dominanteFarbe","entity_1_ID":"45_7_2","entity_2_ID":"93_3_3","href":"","similarity":1.0},{"ID":"45_7_3__45_7_3__dominanteFarbe","entity_1_ID":"45_7_3","entity_2_ID":"45_7_3","href":"","similarity":1.0},{"ID":"45_7_3__45_7_5__dominanteFarbe","entity_1_ID":"45_7_3","entity_2_ID":"45_7_5","href":"","similarity":1.0},{"ID":"45_7_3__45_10_2__dominanteFarbe","entity_1_ID":"45_7_3","entity_2_ID":"45_10_2","href":"","similarity":0.875},{"ID":"45_7_3__46_4_1__dominanteFarbe","entity_1_ID":"45_7_3","entity_2_ID":"46_4_1","href":"","similarity":0.625},{"ID":"45_7_3__46_20_1__dominanteFarbe","entity_1_ID":"45_7_3","entity_2_ID":"46_20_1","href":"","similarity":0.625},{"ID":"45_7_3__47_18_3__dominanteFarbe","entity_1_ID":"45_7_3","entity_2_ID":"47_18_3","href":"","similarity":0.625},{"ID":"45_7_3__48_5_1__dominanteFarbe","entity_1_ID":"45_7_3","entity_2_ID":"48_5_1","href":"","similarity":0.625},{"ID":"45_7_3__48_5_5__dominanteFarbe","entity_1_ID":"45_7_3","entity_2_ID":"48_5_5","href":"","similarity":0.625},{"ID":"45_7_3__48_7_1__dominanteFarbe","entity_1_ID":"45_7_3","entity_2_ID":"48_7_1","href":"","similarity":0.625},{"ID":"45_7_3__48_9_3__dominanteFarbe","entity_1_ID":"45_7_3","entity_2_ID":"48_9_3","href":"","similarity":0.625},{"ID":"45_7_3__48_19_1__dominanteFarbe","entity_1_ID":"45_7_3","entity_2_ID":"48_19_1","href":"","similarity":0.625},{"ID":"45_7_3__48_19_3__dominanteFarbe","entity_1_ID":"45_7_3","entity_2_ID":"48_19_3","href":"","similarity":1.0},{"ID":"45_7_3__49_7_1__dominanteFarbe","entity_1_ID":"45_7_3","entity_2_ID":"49_7_1","href":"","similarity":0.625},{"ID":"45_7_3__49_9_2__dominanteFarbe","entity_1_ID":"45_7_3","entity_2_ID":"49_9_2","href":"","similarity":0.625},{"ID":"45_7_3__49_9_3__dominanteFarbe","entity_1_ID":"45_7_3","entity_2_ID":"49_9_3","href":"","similarity":0.625},{"ID":"45_7_3__49_11_5__dominanteFarbe","entity_1_ID":"45_7_3","entity_2_ID":"49_11_5","href":"","similarity":0.625},{"ID":"45_7_3__49_18_1__dominanteFarbe","entity_1_ID":"45_7_3","entity_2_ID":"49_18_1","href":"","similarity":0.625},{"ID":"45_7_3__51_1_1__dominanteFarbe","entity_1_ID":"45_7_3","entity_2_ID":"51_1_1","href":"","similarity":0.625},{"ID":"45_7_3__51_3_2__dominanteFarbe","entity_1_ID":"45_7_3","entity_2_ID":"51_3_2","href":"","similarity":0.625},{"ID":"45_7_3__55_2_8__dominanteFarbe","entity_1_ID":"45_7_3","entity_2_ID":"55_2_8","href":"","similarity":0.625},{"ID":"45_7_3__55_2_15__dominanteFarbe","entity_1_ID":"45_7_3","entity_2_ID":"55_2_15","href":"","similarity":0.625},{"ID":"45_7_3__55_6_9__dominanteFarbe","entity_1_ID":"45_7_3","entity_2_ID":"55_6_9","href":"","similarity":0.625},{"ID":"45_7_3__56_10_8__dominanteFarbe","entity_1_ID":"45_7_3","entity_2_ID":"56_10_8","href":"","similarity":0.625},{"ID":"45_7_3__58_8_8__dominanteFarbe","entity_1_ID":"45_7_3","entity_2_ID":"58_8_8","href":"","similarity":0.625},{"ID":"45_7_3__60_4_1__dominanteFarbe","entity_1_ID":"45_7_3","entity_2_ID":"60_4_1","href":"","similarity":0.875},{"ID":"45_7_3__60_30_1__dominanteFarbe","entity_1_ID":"45_7_3","entity_2_ID":"60_30_1","href":"","similarity":0.625},{"ID":"45_7_3__61_9_6__dominanteFarbe","entity_1_ID":"45_7_3","entity_2_ID":"61_9_6","href":"","similarity":0.875},{"ID":"45_7_3__62_1_9__dominanteFarbe","entity_1_ID":"45_7_3","entity_2_ID":"62_1_9","href":"","similarity":0.625},{"ID":"45_7_3__62_3_14__dominanteFarbe","entity_1_ID":"45_7_3","entity_2_ID":"62_3_14","href":"","similarity":1.0},{"ID":"45_7_3__62_8_6__dominanteFarbe","entity_1_ID":"45_7_3","entity_2_ID":"62_8_6","href":"","similarity":0.875},{"ID":"45_7_3__63_3_6__dominanteFarbe","entity_1_ID":"45_7_3","entity_2_ID":"63_3_6","href":"","similarity":0.625},{"ID":"45_7_3__63_3_9__dominanteFarbe","entity_1_ID":"45_7_3","entity_2_ID":"63_3_9","href":"","similarity":0.875},{"ID":"45_7_3__63_6_3__dominanteFarbe","entity_1_ID":"45_7_3","entity_2_ID":"63_6_3","href":"","similarity":0.625},{"ID":"45_7_3__63_17_8__dominanteFarbe","entity_1_ID":"45_7_3","entity_2_ID":"63_17_8","href":"","similarity":1.0},{"ID":"45_7_3__64_2_1__dominanteFarbe","entity_1_ID":"45_7_3","entity_2_ID":"64_2_1","href":"","similarity":0.625},{"ID":"45_7_3__64_4_4__dominanteFarbe","entity_1_ID":"45_7_3","entity_2_ID":"64_4_4","href":"","similarity":0.625},{"ID":"45_7_3__64_27_1__dominanteFarbe","entity_1_ID":"45_7_3","entity_2_ID":"64_27_1","href":"","similarity":0.625},{"ID":"45_7_3__93_3_3__dominanteFarbe","entity_1_ID":"45_7_3","entity_2_ID":"93_3_3","href":"","similarity":1.0},{"ID":"45_7_5__45_7_5__dominanteFarbe","entity_1_ID":"45_7_5","entity_2_ID":"45_7_5","href":"","similarity":1.0},{"ID":"45_7_5__45_10_2__dominanteFarbe","entity_1_ID":"45_7_5","entity_2_ID":"45_10_2","href":"","similarity":0.875},{"ID":"45_7_5__46_4_1__dominanteFarbe","entity_1_ID":"45_7_5","entity_2_ID":"46_4_1","href":"","similarity":0.625},{"ID":"45_7_5__46_20_1__dominanteFarbe","entity_1_ID":"45_7_5","entity_2_ID":"46_20_1","href":"","similarity":0.625},{"ID":"45_7_5__47_18_3__dominanteFarbe","entity_1_ID":"45_7_5","entity_2_ID":"47_18_3","href":"","similarity":0.625},{"ID":"45_7_5__48_5_1__dominanteFarbe","entity_1_ID":"45_7_5","entity_2_ID":"48_5_1","href":"","similarity":0.625},{"ID":"45_7_5__48_5_5__dominanteFarbe","entity_1_ID":"45_7_5","entity_2_ID":"48_5_5","href":"","similarity":0.625},{"ID":"45_7_5__48_7_1__dominanteFarbe","entity_1_ID":"45_7_5","entity_2_ID":"48_7_1","href":"","similarity":0.625},{"ID":"45_7_5__48_9_3__dominanteFarbe","entity_1_ID":"45_7_5","entity_2_ID":"48_9_3","href":"","similarity":0.625},{"ID":"45_7_5__48_19_1__dominanteFarbe","entity_1_ID":"45_7_5","entity_2_ID":"48_19_1","href":"","similarity":0.625},{"ID":"45_7_5__48_19_3__dominanteFarbe","entity_1_ID":"45_7_5","entity_2_ID":"48_19_3","href":"","similarity":1.0},{"ID":"45_7_5__49_7_1__dominanteFarbe","entity_1_ID":"45_7_5","entity_2_ID":"49_7_1","href":"","similarity":0.625},{"ID":"45_7_5__49_9_2__dominanteFarbe","entity_1_ID":"45_7_5","entity_2_ID":"49_9_2","href":"","similarity":0.625},{"ID":"45_7_5__49_9_3__dominanteFarbe","entity_1_ID":"45_7_5","entity_2_ID":"49_9_3","href":"","similarity":0.625},{"ID":"45_7_5__49_11_5__dominanteFarbe","entity_1_ID":"45_7_5","entity_2_ID":"49_11_5","href":"","similarity":0.625},{"ID":"45_7_5__49_18_1__dominanteFarbe","entity_1_ID":"45_7_5","entity_2_ID":"49_18_1","href":"","similarity":0.625},{"ID":"45_7_5__51_1_1__dominanteFarbe","entity_1_ID":"45_7_5","entity_2_ID":"51_1_1","href":"","similarity":0.625},{"ID":"45_7_5__51_3_2__dominanteFarbe","entity_1_ID":"45_7_5","entity_2_ID":"51_3_2","href":"","similarity":0.625},{"ID":"45_7_5__55_2_8__dominanteFarbe","entity_1_ID":"45_7_5","entity_2_ID":"55_2_8","href":"","similarity":0.625},{"ID":"45_7_5__55_2_15__dominanteFarbe","entity_1_ID":"45_7_5","entity_2_ID":"55_2_15","href":"","similarity":0.625},{"ID":"45_7_5__55_6_9__dominanteFarbe","entity_1_ID":"45_7_5","entity_2_ID":"55_6_9","href":"","similarity":0.625},{"ID":"45_7_5__56_10_8__dominanteFarbe","entity_1_ID":"45_7_5","entity_2_ID":"56_10_8","href":"","similarity":0.625},{"ID":"45_7_5__58_8_8__dominanteFarbe","entity_1_ID":"45_7_5","entity_2_ID":"58_8_8","href":"","similarity":0.625},{"ID":"45_7_5__60_4_1__dominanteFarbe","entity_1_ID":"45_7_5","entity_2_ID":"60_4_1","href":"","similarity":0.875},{"ID":"45_7_5__60_30_1__dominanteFarbe","entity_1_ID":"45_7_5","entity_2_ID":"60_30_1","href":"","similarity":0.625},{"ID":"45_7_5__61_9_6__dominanteFarbe","entity_1_ID":"45_7_5","entity_2_ID":"61_9_6","href":"","similarity":0.875},{"ID":"45_7_5__62_1_9__dominanteFarbe","entity_1_ID":"45_7_5","entity_2_ID":"62_1_9","href":"","similarity":0.625},{"ID":"45_7_5__62_3_14__dominanteFarbe","entity_1_ID":"45_7_5","entity_2_ID":"62_3_14","href":"","similarity":1.0},{"ID":"45_7_5__62_8_6__dominanteFarbe","entity_1_ID":"45_7_5","entity_2_ID":"62_8_6","href":"","similarity":0.875},{"ID":"45_7_5__63_3_6__dominanteFarbe","entity_1_ID":"45_7_5","entity_2_ID":"63_3_6","href":"","similarity":0.625},{"ID":"45_7_5__63_3_9__dominanteFarbe","entity_1_ID":"45_7_5","entity_2_ID":"63_3_9","href":"","similarity":0.875},{"ID":"45_7_5__63_6_3__dominanteFarbe","entity_1_ID":"45_7_5","entity_2_ID":"63_6_3","href":"","similarity":0.625},{"ID":"45_7_5__63_17_8__dominanteFarbe","entity_1_ID":"45_7_5","entity_2_ID":"63_17_8","href":"","similarity":1.0},{"ID":"45_7_5__64_2_1__dominanteFarbe","entity_1_ID":"45_7_5","entity_2_ID":"64_2_1","href":"","similarity":0.625},{"ID":"45_7_5__64_4_4__dominanteFarbe","entity_1_ID":"45_7_5","entity_2_ID":"64_4_4","href":"","similarity":0.625},{"ID":"45_7_5__64_27_1__dominanteFarbe","entity_1_ID":"45_7_5","entity_2_ID":"64_27_1","href":"","similarity":0.625},{"ID":"45_7_5__93_3_3__dominanteFarbe","entity_1_ID":"45_7_5","entity_2_ID":"93_3_3","href":"","similarity":1.0},{"ID":"45_10_2__45_10_2__dominanteFarbe","entity_1_ID":"45_10_2","entity_2_ID":"45_10_2","href":"","similarity":1.0},{"ID":"45_10_2__46_4_1__dominanteFarbe","entity_1_ID":"45_10_2","entity_2_ID":"46_4_1","href":"","similarity":0.625},{"ID":"45_10_2__46_20_1__dominanteFarbe","entity_1_ID":"45_10_2","entity_2_ID":"46_20_1","href":"","similarity":0.625},{"ID":"45_10_2__47_18_3__dominanteFarbe","entity_1_ID":"45_10_2","entity_2_ID":"47_18_3","href":"","similarity":0.625},{"ID":"45_10_2__48_5_1__dominanteFarbe","entity_1_ID":"45_10_2","entity_2_ID":"48_5_1","href":"","similarity":0.625},{"ID":"45_10_2__48_5_5__dominanteFarbe","entity_1_ID":"45_10_2","entity_2_ID":"48_5_5","href":"","similarity":0.625},{"ID":"45_10_2__48_7_1__dominanteFarbe","entity_1_ID":"45_10_2","entity_2_ID":"48_7_1","href":"","similarity":0.625},{"ID":"45_10_2__48_9_3__dominanteFarbe","entity_1_ID":"45_10_2","entity_2_ID":"48_9_3","href":"","similarity":0.625},{"ID":"45_10_2__48_19_1__dominanteFarbe","entity_1_ID":"45_10_2","entity_2_ID":"48_19_1","href":"","similarity":0.625},{"ID":"45_10_2__48_19_3__dominanteFarbe","entity_1_ID":"45_10_2","entity_2_ID":"48_19_3","href":"","similarity":0.875},{"ID":"45_10_2__49_7_1__dominanteFarbe","entity_1_ID":"45_10_2","entity_2_ID":"49_7_1","href":"","similarity":0.625},{"ID":"45_10_2__49_9_2__dominanteFarbe","entity_1_ID":"45_10_2","entity_2_ID":"49_9_2","href":"","similarity":0.625},{"ID":"45_10_2__49_9_3__dominanteFarbe","entity_1_ID":"45_10_2","entity_2_ID":"49_9_3","href":"","similarity":0.625},{"ID":"45_10_2__49_11_5__dominanteFarbe","entity_1_ID":"45_10_2","entity_2_ID":"49_11_5","href":"","similarity":0.625},{"ID":"45_10_2__49_18_1__dominanteFarbe","entity_1_ID":"45_10_2","entity_2_ID":"49_18_1","href":"","similarity":0.625},{"ID":"45_10_2__51_1_1__dominanteFarbe","entity_1_ID":"45_10_2","entity_2_ID":"51_1_1","href":"","similarity":0.625},{"ID":"45_10_2__51_3_2__dominanteFarbe","entity_1_ID":"45_10_2","entity_2_ID":"51_3_2","href":"","similarity":0.625},{"ID":"45_10_2__55_2_8__dominanteFarbe","entity_1_ID":"45_10_2","entity_2_ID":"55_2_8","href":"","similarity":0.625},{"ID":"45_10_2__55_2_15__dominanteFarbe","entity_1_ID":"45_10_2","entity_2_ID":"55_2_15","href":"","similarity":0.625},{"ID":"45_10_2__55_6_9__dominanteFarbe","entity_1_ID":"45_10_2","entity_2_ID":"55_6_9","href":"","similarity":0.625},{"ID":"45_10_2__56_10_8__dominanteFarbe","entity_1_ID":"45_10_2","entity_2_ID":"56_10_8","href":"","similarity":0.625},{"ID":"45_10_2__58_8_8__dominanteFarbe","entity_1_ID":"45_10_2","entity_2_ID":"58_8_8","href":"","similarity":0.625},{"ID":"45_10_2__60_4_1__dominanteFarbe","entity_1_ID":"45_10_2","entity_2_ID":"60_4_1","href":"","similarity":1.0},{"ID":"45_10_2__60_30_1__dominanteFarbe","entity_1_ID":"45_10_2","entity_2_ID":"60_30_1","href":"","similarity":0.625},{"ID":"45_10_2__61_9_6__dominanteFarbe","entity_1_ID":"45_10_2","entity_2_ID":"61_9_6","href":"","similarity":1.0},{"ID":"45_10_2__62_1_9__dominanteFarbe","entity_1_ID":"45_10_2","entity_2_ID":"62_1_9","href":"","similarity":0.625},{"ID":"45_10_2__62_3_14__dominanteFarbe","entity_1_ID":"45_10_2","entity_2_ID":"62_3_14","href":"","similarity":0.875},{"ID":"45_10_2__62_8_6__dominanteFarbe","entity_1_ID":"45_10_2","entity_2_ID":"62_8_6","href":"","similarity":1.0},{"ID":"45_10_2__63_3_6__dominanteFarbe","entity_1_ID":"45_10_2","entity_2_ID":"63_3_6","href":"","similarity":0.625},{"ID":"45_10_2__63_3_9__dominanteFarbe","entity_1_ID":"45_10_2","entity_2_ID":"63_3_9","href":"","similarity":1.0},{"ID":"45_10_2__63_6_3__dominanteFarbe","entity_1_ID":"45_10_2","entity_2_ID":"63_6_3","href":"","similarity":0.625},{"ID":"45_10_2__63_17_8__dominanteFarbe","entity_1_ID":"45_10_2","entity_2_ID":"63_17_8","href":"","similarity":0.875},{"ID":"45_10_2__64_2_1__dominanteFarbe","entity_1_ID":"45_10_2","entity_2_ID":"64_2_1","href":"","similarity":0.625},{"ID":"45_10_2__64_4_4__dominanteFarbe","entity_1_ID":"45_10_2","entity_2_ID":"64_4_4","href":"","similarity":0.625},{"ID":"45_10_2__64_27_1__dominanteFarbe","entity_1_ID":"45_10_2","entity_2_ID":"64_27_1","href":"","similarity":0.625},{"ID":"45_10_2__93_3_3__dominanteFarbe","entity_1_ID":"45_10_2","entity_2_ID":"93_3_3","href":"","similarity":0.875},{"ID":"46_4_1__46_4_1__dominanteFarbe","entity_1_ID":"46_4_1","entity_2_ID":"46_4_1","href":"","similarity":1.0},{"ID":"46_4_1__46_20_1__dominanteFarbe","entity_1_ID":"46_4_1","entity_2_ID":"46_20_1","href":"","similarity":0.625},{"ID":"46_4_1__47_18_3__dominanteFarbe","entity_1_ID":"46_4_1","entity_2_ID":"47_18_3","href":"","similarity":0.625},{"ID":"46_4_1__48_5_1__dominanteFarbe","entity_1_ID":"46_4_1","entity_2_ID":"48_5_1","href":"","similarity":0.625},{"ID":"46_4_1__48_5_5__dominanteFarbe","entity_1_ID":"46_4_1","entity_2_ID":"48_5_5","href":"","similarity":0.625},{"ID":"46_4_1__48_7_1__dominanteFarbe","entity_1_ID":"46_4_1","entity_2_ID":"48_7_1","href":"","similarity":0.625},{"ID":"46_4_1__48_9_3__dominanteFarbe","entity_1_ID":"46_4_1","entity_2_ID":"48_9_3","href":"","similarity":1.0},{"ID":"46_4_1__48_19_1__dominanteFarbe","entity_1_ID":"46_4_1","entity_2_ID":"48_19_1","href":"","similarity":0.625},{"ID":"46_4_1__48_19_3__dominanteFarbe","entity_1_ID":"46_4_1","entity_2_ID":"48_19_3","href":"","similarity":0.625},{"ID":"46_4_1__49_7_1__dominanteFarbe","entity_1_ID":"46_4_1","entity_2_ID":"49_7_1","href":"","similarity":0.625},{"ID":"46_4_1__49_9_2__dominanteFarbe","entity_1_ID":"46_4_1","entity_2_ID":"49_9_2","href":"","similarity":0.625},{"ID":"46_4_1__49_9_3__dominanteFarbe","entity_1_ID":"46_4_1","entity_2_ID":"49_9_3","href":"","similarity":0.625},{"ID":"46_4_1__49_11_5__dominanteFarbe","entity_1_ID":"46_4_1","entity_2_ID":"49_11_5","href":"","similarity":1.0},{"ID":"46_4_1__49_18_1__dominanteFarbe","entity_1_ID":"46_4_1","entity_2_ID":"49_18_1","href":"","similarity":0.625},{"ID":"46_4_1__51_1_1__dominanteFarbe","entity_1_ID":"46_4_1","entity_2_ID":"51_1_1","href":"","similarity":0.625},{"ID":"46_4_1__51_3_2__dominanteFarbe","entity_1_ID":"46_4_1","entity_2_ID":"51_3_2","href":"","similarity":0.625},{"ID":"46_4_1__55_2_8__dominanteFarbe","entity_1_ID":"46_4_1","entity_2_ID":"55_2_8","href":"","similarity":0.625},{"ID":"46_4_1__55_2_15__dominanteFarbe","entity_1_ID":"46_4_1","entity_2_ID":"55_2_15","href":"","similarity":0.625},{"ID":"46_4_1__55_6_9__dominanteFarbe","entity_1_ID":"46_4_1","entity_2_ID":"55_6_9","href":"","similarity":0.625},{"ID":"46_4_1__56_10_8__dominanteFarbe","entity_1_ID":"46_4_1","entity_2_ID":"56_10_8","href":"","similarity":0.625},{"ID":"46_4_1__58_8_8__dominanteFarbe","entity_1_ID":"46_4_1","entity_2_ID":"58_8_8","href":"","similarity":0.625},{"ID":"46_4_1__60_4_1__dominanteFarbe","entity_1_ID":"46_4_1","entity_2_ID":"60_4_1","href":"","similarity":0.625},{"ID":"46_4_1__60_30_1__dominanteFarbe","entity_1_ID":"46_4_1","entity_2_ID":"60_30_1","href":"","similarity":0.625},{"ID":"46_4_1__61_9_6__dominanteFarbe","entity_1_ID":"46_4_1","entity_2_ID":"61_9_6","href":"","similarity":0.625},{"ID":"46_4_1__62_1_9__dominanteFarbe","entity_1_ID":"46_4_1","entity_2_ID":"62_1_9","href":"","similarity":0.625},{"ID":"46_4_1__62_3_14__dominanteFarbe","entity_1_ID":"46_4_1","entity_2_ID":"62_3_14","href":"","similarity":0.625},{"ID":"46_4_1__62_8_6__dominanteFarbe","entity_1_ID":"46_4_1","entity_2_ID":"62_8_6","href":"","similarity":0.625},{"ID":"46_4_1__63_3_6__dominanteFarbe","entity_1_ID":"46_4_1","entity_2_ID":"63_3_6","href":"","similarity":1.0},{"ID":"46_4_1__63_3_9__dominanteFarbe","entity_1_ID":"46_4_1","entity_2_ID":"63_3_9","href":"","similarity":0.625},{"ID":"46_4_1__63_6_3__dominanteFarbe","entity_1_ID":"46_4_1","entity_2_ID":"63_6_3","href":"","similarity":0.625},{"ID":"46_4_1__63_17_8__dominanteFarbe","entity_1_ID":"46_4_1","entity_2_ID":"63_17_8","href":"","similarity":0.625},{"ID":"46_4_1__64_2_1__dominanteFarbe","entity_1_ID":"46_4_1","entity_2_ID":"64_2_1","href":"","similarity":0.625},{"ID":"46_4_1__64_4_4__dominanteFarbe","entity_1_ID":"46_4_1","entity_2_ID":"64_4_4","href":"","similarity":0.625},{"ID":"46_4_1__64_27_1__dominanteFarbe","entity_1_ID":"46_4_1","entity_2_ID":"64_27_1","href":"","similarity":0.625},{"ID":"46_4_1__93_3_3__dominanteFarbe","entity_1_ID":"46_4_1","entity_2_ID":"93_3_3","href":"","similarity":0.625},{"ID":"46_20_1__46_20_1__dominanteFarbe","entity_1_ID":"46_20_1","entity_2_ID":"46_20_1","href":"","similarity":1.0},{"ID":"46_20_1__47_18_3__dominanteFarbe","entity_1_ID":"46_20_1","entity_2_ID":"47_18_3","href":"","similarity":0.625},{"ID":"46_20_1__48_5_1__dominanteFarbe","entity_1_ID":"46_20_1","entity_2_ID":"48_5_1","href":"","similarity":0.625},{"ID":"46_20_1__48_5_5__dominanteFarbe","entity_1_ID":"46_20_1","entity_2_ID":"48_5_5","href":"","similarity":0.625},{"ID":"46_20_1__48_7_1__dominanteFarbe","entity_1_ID":"46_20_1","entity_2_ID":"48_7_1","href":"","similarity":0.625},{"ID":"46_20_1__48_9_3__dominanteFarbe","entity_1_ID":"46_20_1","entity_2_ID":"48_9_3","href":"","similarity":0.625},{"ID":"46_20_1__48_19_1__dominanteFarbe","entity_1_ID":"46_20_1","entity_2_ID":"48_19_1","href":"","similarity":0.625},{"ID":"46_20_1__48_19_3__dominanteFarbe","entity_1_ID":"46_20_1","entity_2_ID":"48_19_3","href":"","similarity":0.625},{"ID":"46_20_1__49_7_1__dominanteFarbe","entity_1_ID":"46_20_1","entity_2_ID":"49_7_1","href":"","similarity":1.0},{"ID":"46_20_1__49_9_2__dominanteFarbe","entity_1_ID":"46_20_1","entity_2_ID":"49_9_2","href":"","similarity":0.625},{"ID":"46_20_1__49_9_3__dominanteFarbe","entity_1_ID":"46_20_1","entity_2_ID":"49_9_3","href":"","similarity":0.625},{"ID":"46_20_1__49_11_5__dominanteFarbe","entity_1_ID":"46_20_1","entity_2_ID":"49_11_5","href":"","similarity":0.625},{"ID":"46_20_1__49_18_1__dominanteFarbe","entity_1_ID":"46_20_1","entity_2_ID":"49_18_1","href":"","similarity":0.625},{"ID":"46_20_1__51_1_1__dominanteFarbe","entity_1_ID":"46_20_1","entity_2_ID":"51_1_1","href":"","similarity":0.625},{"ID":"46_20_1__51_3_2__dominanteFarbe","entity_1_ID":"46_20_1","entity_2_ID":"51_3_2","href":"","similarity":0.625},{"ID":"46_20_1__55_2_8__dominanteFarbe","entity_1_ID":"46_20_1","entity_2_ID":"55_2_8","href":"","similarity":0.625},{"ID":"46_20_1__55_2_15__dominanteFarbe","entity_1_ID":"46_20_1","entity_2_ID":"55_2_15","href":"","similarity":0.625},{"ID":"46_20_1__55_6_9__dominanteFarbe","entity_1_ID":"46_20_1","entity_2_ID":"55_6_9","href":"","similarity":0.625},{"ID":"46_20_1__56_10_8__dominanteFarbe","entity_1_ID":"46_20_1","entity_2_ID":"56_10_8","href":"","similarity":0.625},{"ID":"46_20_1__58_8_8__dominanteFarbe","entity_1_ID":"46_20_1","entity_2_ID":"58_8_8","href":"","similarity":0.625},{"ID":"46_20_1__60_4_1__dominanteFarbe","entity_1_ID":"46_20_1","entity_2_ID":"60_4_1","href":"","similarity":0.625},{"ID":"46_20_1__60_30_1__dominanteFarbe","entity_1_ID":"46_20_1","entity_2_ID":"60_30_1","href":"","similarity":1.0},{"ID":"46_20_1__61_9_6__dominanteFarbe","entity_1_ID":"46_20_1","entity_2_ID":"61_9_6","href":"","similarity":0.625},{"ID":"46_20_1__62_1_9__dominanteFarbe","entity_1_ID":"46_20_1","entity_2_ID":"62_1_9","href":"","similarity":0.625},{"ID":"46_20_1__62_3_14__dominanteFarbe","entity_1_ID":"46_20_1","entity_2_ID":"62_3_14","href":"","similarity":0.625},{"ID":"46_20_1__62_8_6__dominanteFarbe","entity_1_ID":"46_20_1","entity_2_ID":"62_8_6","href":"","similarity":0.625},{"ID":"46_20_1__63_3_6__dominanteFarbe","entity_1_ID":"46_20_1","entity_2_ID":"63_3_6","href":"","similarity":0.625},{"ID":"46_20_1__63_3_9__dominanteFarbe","entity_1_ID":"46_20_1","entity_2_ID":"63_3_9","href":"","similarity":0.625},{"ID":"46_20_1__63_6_3__dominanteFarbe","entity_1_ID":"46_20_1","entity_2_ID":"63_6_3","href":"","similarity":0.625},{"ID":"46_20_1__63_17_8__dominanteFarbe","entity_1_ID":"46_20_1","entity_2_ID":"63_17_8","href":"","similarity":0.625},{"ID":"46_20_1__64_2_1__dominanteFarbe","entity_1_ID":"46_20_1","entity_2_ID":"64_2_1","href":"","similarity":0.625},{"ID":"46_20_1__64_4_4__dominanteFarbe","entity_1_ID":"46_20_1","entity_2_ID":"64_4_4","href":"","similarity":0.625},{"ID":"46_20_1__64_27_1__dominanteFarbe","entity_1_ID":"46_20_1","entity_2_ID":"64_27_1","href":"","similarity":0.625},{"ID":"46_20_1__93_3_3__dominanteFarbe","entity_1_ID":"46_20_1","entity_2_ID":"93_3_3","href":"","similarity":0.625},{"ID":"47_18_3__47_18_3__dominanteFarbe","entity_1_ID":"47_18_3","entity_2_ID":"47_18_3","href":"","similarity":1.0},{"ID":"47_18_3__48_5_1__dominanteFarbe","entity_1_ID":"47_18_3","entity_2_ID":"48_5_1","href":"","similarity":1.0},{"ID":"47_18_3__48_5_5__dominanteFarbe","entity_1_ID":"47_18_3","entity_2_ID":"48_5_5","href":"","similarity":1.0},{"ID":"47_18_3__48_7_1__dominanteFarbe","entity_1_ID":"47_18_3","entity_2_ID":"48_7_1","href":"","similarity":0.875},{"ID":"47_18_3__48_9_3__dominanteFarbe","entity_1_ID":"47_18_3","entity_2_ID":"48_9_3","href":"","similarity":0.625},{"ID":"47_18_3__48_19_1__dominanteFarbe","entity_1_ID":"47_18_3","entity_2_ID":"48_19_1","href":"","similarity":0.875},{"ID":"47_18_3__48_19_3__dominanteFarbe","entity_1_ID":"47_18_3","entity_2_ID":"48_19_3","href":"","similarity":0.625},{"ID":"47_18_3__49_7_1__dominanteFarbe","entity_1_ID":"47_18_3","entity_2_ID":"49_7_1","href":"","similarity":0.625},{"ID":"47_18_3__49_9_2__dominanteFarbe","entity_1_ID":"47_18_3","entity_2_ID":"49_9_2","href":"","similarity":1.0},{"ID":"47_18_3__49_9_3__dominanteFarbe","entity_1_ID":"47_18_3","entity_2_ID":"49_9_3","href":"","similarity":1.0},{"ID":"47_18_3__49_11_5__dominanteFarbe","entity_1_ID":"47_18_3","entity_2_ID":"49_11_5","href":"","similarity":0.625},{"ID":"47_18_3__49_18_1__dominanteFarbe","entity_1_ID":"47_18_3","entity_2_ID":"49_18_1","href":"","similarity":1.0},{"ID":"47_18_3__51_1_1__dominanteFarbe","entity_1_ID":"47_18_3","entity_2_ID":"51_1_1","href":"","similarity":0.875},{"ID":"47_18_3__51_3_2__dominanteFarbe","entity_1_ID":"47_18_3","entity_2_ID":"51_3_2","href":"","similarity":0.875},{"ID":"47_18_3__55_2_8__dominanteFarbe","entity_1_ID":"47_18_3","entity_2_ID":"55_2_8","href":"","similarity":1.0},{"ID":"47_18_3__55_2_15__dominanteFarbe","entity_1_ID":"47_18_3","entity_2_ID":"55_2_15","href":"","similarity":1.0},{"ID":"47_18_3__55_6_9__dominanteFarbe","entity_1_ID":"47_18_3","entity_2_ID":"55_6_9","href":"","similarity":1.0},{"ID":"47_18_3__56_10_8__dominanteFarbe","entity_1_ID":"47_18_3","entity_2_ID":"56_10_8","href":"","similarity":0.875},{"ID":"47_18_3__58_8_8__dominanteFarbe","entity_1_ID":"47_18_3","entity_2_ID":"58_8_8","href":"","similarity":0.875},{"ID":"47_18_3__60_4_1__dominanteFarbe","entity_1_ID":"47_18_3","entity_2_ID":"60_4_1","href":"","similarity":0.625},{"ID":"47_18_3__60_30_1__dominanteFarbe","entity_1_ID":"47_18_3","entity_2_ID":"60_30_1","href":"","similarity":0.625},{"ID":"47_18_3__61_9_6__dominanteFarbe","entity_1_ID":"47_18_3","entity_2_ID":"61_9_6","href":"","similarity":0.625},{"ID":"47_18_3__62_1_9__dominanteFarbe","entity_1_ID":"47_18_3","entity_2_ID":"62_1_9","href":"","similarity":0.875},{"ID":"47_18_3__62_3_14__dominanteFarbe","entity_1_ID":"47_18_3","entity_2_ID":"62_3_14","href":"","similarity":0.625},{"ID":"47_18_3__62_8_6__dominanteFarbe","entity_1_ID":"47_18_3","entity_2_ID":"62_8_6","href":"","similarity":0.625},{"ID":"47_18_3__63_3_6__dominanteFarbe","entity_1_ID":"47_18_3","entity_2_ID":"63_3_6","href":"","similarity":0.625},{"ID":"47_18_3__63_3_9__dominanteFarbe","entity_1_ID":"47_18_3","entity_2_ID":"63_3_9","href":"","similarity":0.625},{"ID":"47_18_3__63_6_3__dominanteFarbe","entity_1_ID":"47_18_3","entity_2_ID":"63_6_3","href":"","similarity":1.0},{"ID":"47_18_3__63_17_8__dominanteFarbe","entity_1_ID":"47_18_3","entity_2_ID":"63_17_8","href":"","similarity":0.625},{"ID":"47_18_3__64_2_1__dominanteFarbe","entity_1_ID":"47_18_3","entity_2_ID":"64_2_1","href":"","similarity":0.875},{"ID":"47_18_3__64_4_4__dominanteFarbe","entity_1_ID":"47_18_3","entity_2_ID":"64_4_4","href":"","similarity":0.875},{"ID":"47_18_3__64_27_1__dominanteFarbe","entity_1_ID":"47_18_3","entity_2_ID":"64_27_1","href":"","similarity":0.875},{"ID":"47_18_3__93_3_3__dominanteFarbe","entity_1_ID":"47_18_3","entity_2_ID":"93_3_3","href":"","similarity":0.625},{"ID":"48_5_1__48_5_1__dominanteFarbe","entity_1_ID":"48_5_1","entity_2_ID":"48_5_1","href":"","similarity":1.0},{"ID":"48_5_1__48_5_5__dominanteFarbe","entity_1_ID":"48_5_1","entity_2_ID":"48_5_5","href":"","similarity":1.0},{"ID":"48_5_1__48_7_1__dominanteFarbe","entity_1_ID":"48_5_1","entity_2_ID":"48_7_1","href":"","similarity":0.875},{"ID":"48_5_1__48_9_3__dominanteFarbe","entity_1_ID":"48_5_1","entity_2_ID":"48_9_3","href":"","similarity":0.625},{"ID":"48_5_1__48_19_1__dominanteFarbe","entity_1_ID":"48_5_1","entity_2_ID":"48_19_1","href":"","similarity":0.875},{"ID":"48_5_1__48_19_3__dominanteFarbe","entity_1_ID":"48_5_1","entity_2_ID":"48_19_3","href":"","similarity":0.625},{"ID":"48_5_1__49_7_1__dominanteFarbe","entity_1_ID":"48_5_1","entity_2_ID":"49_7_1","href":"","similarity":0.625},{"ID":"48_5_1__49_9_2__dominanteFarbe","entity_1_ID":"48_5_1","entity_2_ID":"49_9_2","href":"","similarity":1.0},{"ID":"48_5_1__49_9_3__dominanteFarbe","entity_1_ID":"48_5_1","entity_2_ID":"49_9_3","href":"","similarity":1.0},{"ID":"48_5_1__49_11_5__dominanteFarbe","entity_1_ID":"48_5_1","entity_2_ID":"49_11_5","href":"","similarity":0.625},{"ID":"48_5_1__49_18_1__dominanteFarbe","entity_1_ID":"48_5_1","entity_2_ID":"49_18_1","href":"","similarity":1.0},{"ID":"48_5_1__51_1_1__dominanteFarbe","entity_1_ID":"48_5_1","entity_2_ID":"51_1_1","href":"","similarity":0.875},{"ID":"48_5_1__51_3_2__dominanteFarbe","entity_1_ID":"48_5_1","entity_2_ID":"51_3_2","href":"","similarity":0.875},{"ID":"48_5_1__55_2_8__dominanteFarbe","entity_1_ID":"48_5_1","entity_2_ID":"55_2_8","href":"","similarity":1.0},{"ID":"48_5_1__55_2_15__dominanteFarbe","entity_1_ID":"48_5_1","entity_2_ID":"55_2_15","href":"","similarity":1.0},{"ID":"48_5_1__55_6_9__dominanteFarbe","entity_1_ID":"48_5_1","entity_2_ID":"55_6_9","href":"","similarity":1.0},{"ID":"48_5_1__56_10_8__dominanteFarbe","entity_1_ID":"48_5_1","entity_2_ID":"56_10_8","href":"","similarity":0.875},{"ID":"48_5_1__58_8_8__dominanteFarbe","entity_1_ID":"48_5_1","entity_2_ID":"58_8_8","href":"","similarity":0.875},{"ID":"48_5_1__60_4_1__dominanteFarbe","entity_1_ID":"48_5_1","entity_2_ID":"60_4_1","href":"","similarity":0.625},{"ID":"48_5_1__60_30_1__dominanteFarbe","entity_1_ID":"48_5_1","entity_2_ID":"60_30_1","href":"","similarity":0.625},{"ID":"48_5_1__61_9_6__dominanteFarbe","entity_1_ID":"48_5_1","entity_2_ID":"61_9_6","href":"","similarity":0.625},{"ID":"48_5_1__62_1_9__dominanteFarbe","entity_1_ID":"48_5_1","entity_2_ID":"62_1_9","href":"","similarity":0.875},{"ID":"48_5_1__62_3_14__dominanteFarbe","entity_1_ID":"48_5_1","entity_2_ID":"62_3_14","href":"","similarity":0.625},{"ID":"48_5_1__62_8_6__dominanteFarbe","entity_1_ID":"48_5_1","entity_2_ID":"62_8_6","href":"","similarity":0.625},{"ID":"48_5_1__63_3_6__dominanteFarbe","entity_1_ID":"48_5_1","entity_2_ID":"63_3_6","href":"","similarity":0.625},{"ID":"48_5_1__63_3_9__dominanteFarbe","entity_1_ID":"48_5_1","entity_2_ID":"63_3_9","href":"","similarity":0.625},{"ID":"48_5_1__63_6_3__dominanteFarbe","entity_1_ID":"48_5_1","entity_2_ID":"63_6_3","href":"","similarity":1.0},{"ID":"48_5_1__63_17_8__dominanteFarbe","entity_1_ID":"48_5_1","entity_2_ID":"63_17_8","href":"","similarity":0.625},{"ID":"48_5_1__64_2_1__dominanteFarbe","entity_1_ID":"48_5_1","entity_2_ID":"64_2_1","href":"","similarity":0.875},{"ID":"48_5_1__64_4_4__dominanteFarbe","entity_1_ID":"48_5_1","entity_2_ID":"64_4_4","href":"","similarity":0.875},{"ID":"48_5_1__64_27_1__dominanteFarbe","entity_1_ID":"48_5_1","entity_2_ID":"64_27_1","href":"","similarity":0.875},{"ID":"48_5_1__93_3_3__dominanteFarbe","entity_1_ID":"48_5_1","entity_2_ID":"93_3_3","href":"","similarity":0.625},{"ID":"48_5_5__48_5_5__dominanteFarbe","entity_1_ID":"48_5_5","entity_2_ID":"48_5_5","href":"","similarity":1.0},{"ID":"48_5_5__48_7_1__dominanteFarbe","entity_1_ID":"48_5_5","entity_2_ID":"48_7_1","href":"","similarity":0.875},{"ID":"48_5_5__48_9_3__dominanteFarbe","entity_1_ID":"48_5_5","entity_2_ID":"48_9_3","href":"","similarity":0.625},{"ID":"48_5_5__48_19_1__dominanteFarbe","entity_1_ID":"48_5_5","entity_2_ID":"48_19_1","href":"","similarity":0.875},{"ID":"48_5_5__48_19_3__dominanteFarbe","entity_1_ID":"48_5_5","entity_2_ID":"48_19_3","href":"","similarity":0.625},{"ID":"48_5_5__49_7_1__dominanteFarbe","entity_1_ID":"48_5_5","entity_2_ID":"49_7_1","href":"","similarity":0.625},{"ID":"48_5_5__49_9_2__dominanteFarbe","entity_1_ID":"48_5_5","entity_2_ID":"49_9_2","href":"","similarity":1.0},{"ID":"48_5_5__49_9_3__dominanteFarbe","entity_1_ID":"48_5_5","entity_2_ID":"49_9_3","href":"","similarity":1.0},{"ID":"48_5_5__49_11_5__dominanteFarbe","entity_1_ID":"48_5_5","entity_2_ID":"49_11_5","href":"","similarity":0.625},{"ID":"48_5_5__49_18_1__dominanteFarbe","entity_1_ID":"48_5_5","entity_2_ID":"49_18_1","href":"","similarity":1.0},{"ID":"48_5_5__51_1_1__dominanteFarbe","entity_1_ID":"48_5_5","entity_2_ID":"51_1_1","href":"","similarity":0.875},{"ID":"48_5_5__51_3_2__dominanteFarbe","entity_1_ID":"48_5_5","entity_2_ID":"51_3_2","href":"","similarity":0.875},{"ID":"48_5_5__55_2_8__dominanteFarbe","entity_1_ID":"48_5_5","entity_2_ID":"55_2_8","href":"","similarity":1.0},{"ID":"48_5_5__55_2_15__dominanteFarbe","entity_1_ID":"48_5_5","entity_2_ID":"55_2_15","href":"","similarity":1.0},{"ID":"48_5_5__55_6_9__dominanteFarbe","entity_1_ID":"48_5_5","entity_2_ID":"55_6_9","href":"","similarity":1.0},{"ID":"48_5_5__56_10_8__dominanteFarbe","entity_1_ID":"48_5_5","entity_2_ID":"56_10_8","href":"","similarity":0.875},{"ID":"48_5_5__58_8_8__dominanteFarbe","entity_1_ID":"48_5_5","entity_2_ID":"58_8_8","href":"","similarity":0.875},{"ID":"48_5_5__60_4_1__dominanteFarbe","entity_1_ID":"48_5_5","entity_2_ID":"60_4_1","href":"","similarity":0.625},{"ID":"48_5_5__60_30_1__dominanteFarbe","entity_1_ID":"48_5_5","entity_2_ID":"60_30_1","href":"","similarity":0.625},{"ID":"48_5_5__61_9_6__dominanteFarbe","entity_1_ID":"48_5_5","entity_2_ID":"61_9_6","href":"","similarity":0.625},{"ID":"48_5_5__62_1_9__dominanteFarbe","entity_1_ID":"48_5_5","entity_2_ID":"62_1_9","href":"","similarity":0.875},{"ID":"48_5_5__62_3_14__dominanteFarbe","entity_1_ID":"48_5_5","entity_2_ID":"62_3_14","href":"","similarity":0.625},{"ID":"48_5_5__62_8_6__dominanteFarbe","entity_1_ID":"48_5_5","entity_2_ID":"62_8_6","href":"","similarity":0.625},{"ID":"48_5_5__63_3_6__dominanteFarbe","entity_1_ID":"48_5_5","entity_2_ID":"63_3_6","href":"","similarity":0.625},{"ID":"48_5_5__63_3_9__dominanteFarbe","entity_1_ID":"48_5_5","entity_2_ID":"63_3_9","href":"","similarity":0.625},{"ID":"48_5_5__63_6_3__dominanteFarbe","entity_1_ID":"48_5_5","entity_2_ID":"63_6_3","href":"","similarity":1.0},{"ID":"48_5_5__63_17_8__dominanteFarbe","entity_1_ID":"48_5_5","entity_2_ID":"63_17_8","href":"","similarity":0.625},{"ID":"48_5_5__64_2_1__dominanteFarbe","entity_1_ID":"48_5_5","entity_2_ID":"64_2_1","href":"","similarity":0.875},{"ID":"48_5_5__64_4_4__dominanteFarbe","entity_1_ID":"48_5_5","entity_2_ID":"64_4_4","href":"","similarity":0.875},{"ID":"48_5_5__64_27_1__dominanteFarbe","entity_1_ID":"48_5_5","entity_2_ID":"64_27_1","href":"","similarity":0.875},{"ID":"48_5_5__93_3_3__dominanteFarbe","entity_1_ID":"48_5_5","entity_2_ID":"93_3_3","href":"","similarity":0.625},{"ID":"48_7_1__48_7_1__dominanteFarbe","entity_1_ID":"48_7_1","entity_2_ID":"48_7_1","href":"","similarity":1.0},{"ID":"48_7_1__48_9_3__dominanteFarbe","entity_1_ID":"48_7_1","entity_2_ID":"48_9_3","href":"","similarity":0.625},{"ID":"48_7_1__48_19_1__dominanteFarbe","entity_1_ID":"48_7_1","entity_2_ID":"48_19_1","href":"","similarity":1.0},{"ID":"48_7_1__48_19_3__dominanteFarbe","entity_1_ID":"48_7_1","entity_2_ID":"48_19_3","href":"","similarity":0.625},{"ID":"48_7_1__49_7_1__dominanteFarbe","entity_1_ID":"48_7_1","entity_2_ID":"49_7_1","href":"","similarity":0.625},{"ID":"48_7_1__49_9_2__dominanteFarbe","entity_1_ID":"48_7_1","entity_2_ID":"49_9_2","href":"","similarity":0.875},{"ID":"48_7_1__49_9_3__dominanteFarbe","entity_1_ID":"48_7_1","entity_2_ID":"49_9_3","href":"","similarity":0.875},{"ID":"48_7_1__49_11_5__dominanteFarbe","entity_1_ID":"48_7_1","entity_2_ID":"49_11_5","href":"","similarity":0.625},{"ID":"48_7_1__49_18_1__dominanteFarbe","entity_1_ID":"48_7_1","entity_2_ID":"49_18_1","href":"","similarity":0.875},{"ID":"48_7_1__51_1_1__dominanteFarbe","entity_1_ID":"48_7_1","entity_2_ID":"51_1_1","href":"","similarity":1.0},{"ID":"48_7_1__51_3_2__dominanteFarbe","entity_1_ID":"48_7_1","entity_2_ID":"51_3_2","href":"","similarity":1.0},{"ID":"48_7_1__55_2_8__dominanteFarbe","entity_1_ID":"48_7_1","entity_2_ID":"55_2_8","href":"","similarity":0.875},{"ID":"48_7_1__55_2_15__dominanteFarbe","entity_1_ID":"48_7_1","entity_2_ID":"55_2_15","href":"","similarity":0.875},{"ID":"48_7_1__55_6_9__dominanteFarbe","entity_1_ID":"48_7_1","entity_2_ID":"55_6_9","href":"","similarity":0.875},{"ID":"48_7_1__56_10_8__dominanteFarbe","entity_1_ID":"48_7_1","entity_2_ID":"56_10_8","href":"","similarity":1.0},{"ID":"48_7_1__58_8_8__dominanteFarbe","entity_1_ID":"48_7_1","entity_2_ID":"58_8_8","href":"","similarity":1.0},{"ID":"48_7_1__60_4_1__dominanteFarbe","entity_1_ID":"48_7_1","entity_2_ID":"60_4_1","href":"","similarity":0.625},{"ID":"48_7_1__60_30_1__dominanteFarbe","entity_1_ID":"48_7_1","entity_2_ID":"60_30_1","href":"","similarity":0.625},{"ID":"48_7_1__61_9_6__dominanteFarbe","entity_1_ID":"48_7_1","entity_2_ID":"61_9_6","href":"","similarity":0.625},{"ID":"48_7_1__62_1_9__dominanteFarbe","entity_1_ID":"48_7_1","entity_2_ID":"62_1_9","href":"","similarity":1.0},{"ID":"48_7_1__62_3_14__dominanteFarbe","entity_1_ID":"48_7_1","entity_2_ID":"62_3_14","href":"","similarity":0.625},{"ID":"48_7_1__62_8_6__dominanteFarbe","entity_1_ID":"48_7_1","entity_2_ID":"62_8_6","href":"","similarity":0.625},{"ID":"48_7_1__63_3_6__dominanteFarbe","entity_1_ID":"48_7_1","entity_2_ID":"63_3_6","href":"","similarity":0.625},{"ID":"48_7_1__63_3_9__dominanteFarbe","entity_1_ID":"48_7_1","entity_2_ID":"63_3_9","href":"","similarity":0.625},{"ID":"48_7_1__63_6_3__dominanteFarbe","entity_1_ID":"48_7_1","entity_2_ID":"63_6_3","href":"","similarity":0.875},{"ID":"48_7_1__63_17_8__dominanteFarbe","entity_1_ID":"48_7_1","entity_2_ID":"63_17_8","href":"","similarity":0.625},{"ID":"48_7_1__64_2_1__dominanteFarbe","entity_1_ID":"48_7_1","entity_2_ID":"64_2_1","href":"","similarity":1.0},{"ID":"48_7_1__64_4_4__dominanteFarbe","entity_1_ID":"48_7_1","entity_2_ID":"64_4_4","href":"","similarity":1.0},{"ID":"48_7_1__64_27_1__dominanteFarbe","entity_1_ID":"48_7_1","entity_2_ID":"64_27_1","href":"","similarity":1.0},{"ID":"48_7_1__93_3_3__dominanteFarbe","entity_1_ID":"48_7_1","entity_2_ID":"93_3_3","href":"","similarity":0.625},{"ID":"48_9_3__48_9_3__dominanteFarbe","entity_1_ID":"48_9_3","entity_2_ID":"48_9_3","href":"","similarity":1.0},{"ID":"48_9_3__48_19_1__dominanteFarbe","entity_1_ID":"48_9_3","entity_2_ID":"48_19_1","href":"","similarity":0.625},{"ID":"48_9_3__48_19_3__dominanteFarbe","entity_1_ID":"48_9_3","entity_2_ID":"48_19_3","href":"","similarity":0.625},{"ID":"48_9_3__49_7_1__dominanteFarbe","entity_1_ID":"48_9_3","entity_2_ID":"49_7_1","href":"","similarity":0.625},{"ID":"48_9_3__49_9_2__dominanteFarbe","entity_1_ID":"48_9_3","entity_2_ID":"49_9_2","href":"","similarity":0.625},{"ID":"48_9_3__49_9_3__dominanteFarbe","entity_1_ID":"48_9_3","entity_2_ID":"49_9_3","href":"","similarity":0.625},{"ID":"48_9_3__49_11_5__dominanteFarbe","entity_1_ID":"48_9_3","entity_2_ID":"49_11_5","href":"","similarity":1.0},{"ID":"48_9_3__49_18_1__dominanteFarbe","entity_1_ID":"48_9_3","entity_2_ID":"49_18_1","href":"","similarity":0.625},{"ID":"48_9_3__51_1_1__dominanteFarbe","entity_1_ID":"48_9_3","entity_2_ID":"51_1_1","href":"","similarity":0.625},{"ID":"48_9_3__51_3_2__dominanteFarbe","entity_1_ID":"48_9_3","entity_2_ID":"51_3_2","href":"","similarity":0.625},{"ID":"48_9_3__55_2_8__dominanteFarbe","entity_1_ID":"48_9_3","entity_2_ID":"55_2_8","href":"","similarity":0.625},{"ID":"48_9_3__55_2_15__dominanteFarbe","entity_1_ID":"48_9_3","entity_2_ID":"55_2_15","href":"","similarity":0.625},{"ID":"48_9_3__55_6_9__dominanteFarbe","entity_1_ID":"48_9_3","entity_2_ID":"55_6_9","href":"","similarity":0.625},{"ID":"48_9_3__56_10_8__dominanteFarbe","entity_1_ID":"48_9_3","entity_2_ID":"56_10_8","href":"","similarity":0.625},{"ID":"48_9_3__58_8_8__dominanteFarbe","entity_1_ID":"48_9_3","entity_2_ID":"58_8_8","href":"","similarity":0.625},{"ID":"48_9_3__60_4_1__dominanteFarbe","entity_1_ID":"48_9_3","entity_2_ID":"60_4_1","href":"","similarity":0.625},{"ID":"48_9_3__60_30_1__dominanteFarbe","entity_1_ID":"48_9_3","entity_2_ID":"60_30_1","href":"","similarity":0.625},{"ID":"48_9_3__61_9_6__dominanteFarbe","entity_1_ID":"48_9_3","entity_2_ID":"61_9_6","href":"","similarity":0.625},{"ID":"48_9_3__62_1_9__dominanteFarbe","entity_1_ID":"48_9_3","entity_2_ID":"62_1_9","href":"","similarity":0.625},{"ID":"48_9_3__62_3_14__dominanteFarbe","entity_1_ID":"48_9_3","entity_2_ID":"62_3_14","href":"","similarity":0.625},{"ID":"48_9_3__62_8_6__dominanteFarbe","entity_1_ID":"48_9_3","entity_2_ID":"62_8_6","href":"","similarity":0.625},{"ID":"48_9_3__63_3_6__dominanteFarbe","entity_1_ID":"48_9_3","entity_2_ID":"63_3_6","href":"","similarity":1.0},{"ID":"48_9_3__63_3_9__dominanteFarbe","entity_1_ID":"48_9_3","entity_2_ID":"63_3_9","href":"","similarity":0.625},{"ID":"48_9_3__63_6_3__dominanteFarbe","entity_1_ID":"48_9_3","entity_2_ID":"63_6_3","href":"","similarity":0.625},{"ID":"48_9_3__63_17_8__dominanteFarbe","entity_1_ID":"48_9_3","entity_2_ID":"63_17_8","href":"","similarity":0.625},{"ID":"48_9_3__64_2_1__dominanteFarbe","entity_1_ID":"48_9_3","entity_2_ID":"64_2_1","href":"","similarity":0.625},{"ID":"48_9_3__64_4_4__dominanteFarbe","entity_1_ID":"48_9_3","entity_2_ID":"64_4_4","href":"","similarity":0.625},{"ID":"48_9_3__64_27_1__dominanteFarbe","entity_1_ID":"48_9_3","entity_2_ID":"64_27_1","href":"","similarity":0.625},{"ID":"48_9_3__93_3_3__dominanteFarbe","entity_1_ID":"48_9_3","entity_2_ID":"93_3_3","href":"","similarity":0.625},{"ID":"48_19_1__48_19_1__dominanteFarbe","entity_1_ID":"48_19_1","entity_2_ID":"48_19_1","href":"","similarity":1.0},{"ID":"48_19_1__48_19_3__dominanteFarbe","entity_1_ID":"48_19_1","entity_2_ID":"48_19_3","href":"","similarity":0.625},{"ID":"48_19_1__49_7_1__dominanteFarbe","entity_1_ID":"48_19_1","entity_2_ID":"49_7_1","href":"","similarity":0.625},{"ID":"48_19_1__49_9_2__dominanteFarbe","entity_1_ID":"48_19_1","entity_2_ID":"49_9_2","href":"","similarity":0.875},{"ID":"48_19_1__49_9_3__dominanteFarbe","entity_1_ID":"48_19_1","entity_2_ID":"49_9_3","href":"","similarity":0.875},{"ID":"48_19_1__49_11_5__dominanteFarbe","entity_1_ID":"48_19_1","entity_2_ID":"49_11_5","href":"","similarity":0.625},{"ID":"48_19_1__49_18_1__dominanteFarbe","entity_1_ID":"48_19_1","entity_2_ID":"49_18_1","href":"","similarity":0.875},{"ID":"48_19_1__51_1_1__dominanteFarbe","entity_1_ID":"48_19_1","entity_2_ID":"51_1_1","href":"","similarity":1.0},{"ID":"48_19_1__51_3_2__dominanteFarbe","entity_1_ID":"48_19_1","entity_2_ID":"51_3_2","href":"","similarity":1.0},{"ID":"48_19_1__55_2_8__dominanteFarbe","entity_1_ID":"48_19_1","entity_2_ID":"55_2_8","href":"","similarity":0.875},{"ID":"48_19_1__55_2_15__dominanteFarbe","entity_1_ID":"48_19_1","entity_2_ID":"55_2_15","href":"","similarity":0.875},{"ID":"48_19_1__55_6_9__dominanteFarbe","entity_1_ID":"48_19_1","entity_2_ID":"55_6_9","href":"","similarity":0.875},{"ID":"48_19_1__56_10_8__dominanteFarbe","entity_1_ID":"48_19_1","entity_2_ID":"56_10_8","href":"","similarity":1.0},{"ID":"48_19_1__58_8_8__dominanteFarbe","entity_1_ID":"48_19_1","entity_2_ID":"58_8_8","href":"","similarity":1.0},{"ID":"48_19_1__60_4_1__dominanteFarbe","entity_1_ID":"48_19_1","entity_2_ID":"60_4_1","href":"","similarity":0.625},{"ID":"48_19_1__60_30_1__dominanteFarbe","entity_1_ID":"48_19_1","entity_2_ID":"60_30_1","href":"","similarity":0.625},{"ID":"48_19_1__61_9_6__dominanteFarbe","entity_1_ID":"48_19_1","entity_2_ID":"61_9_6","href":"","similarity":0.625},{"ID":"48_19_1__62_1_9__dominanteFarbe","entity_1_ID":"48_19_1","entity_2_ID":"62_1_9","href":"","similarity":1.0},{"ID":"48_19_1__62_3_14__dominanteFarbe","entity_1_ID":"48_19_1","entity_2_ID":"62_3_14","href":"","similarity":0.625},{"ID":"48_19_1__62_8_6__dominanteFarbe","entity_1_ID":"48_19_1","entity_2_ID":"62_8_6","href":"","similarity":0.625},{"ID":"48_19_1__63_3_6__dominanteFarbe","entity_1_ID":"48_19_1","entity_2_ID":"63_3_6","href":"","similarity":0.625},{"ID":"48_19_1__63_3_9__dominanteFarbe","entity_1_ID":"48_19_1","entity_2_ID":"63_3_9","href":"","similarity":0.625},{"ID":"48_19_1__63_6_3__dominanteFarbe","entity_1_ID":"48_19_1","entity_2_ID":"63_6_3","href":"","similarity":0.875},{"ID":"48_19_1__63_17_8__dominanteFarbe","entity_1_ID":"48_19_1","entity_2_ID":"63_17_8","href":"","similarity":0.625},{"ID":"48_19_1__64_2_1__dominanteFarbe","entity_1_ID":"48_19_1","entity_2_ID":"64_2_1","href":"","similarity":1.0},{"ID":"48_19_1__64_4_4__dominanteFarbe","entity_1_ID":"48_19_1","entity_2_ID":"64_4_4","href":"","similarity":1.0},{"ID":"48_19_1__64_27_1__dominanteFarbe","entity_1_ID":"48_19_1","entity_2_ID":"64_27_1","href":"","similarity":1.0},{"ID":"48_19_1__93_3_3__dominanteFarbe","entity_1_ID":"48_19_1","entity_2_ID":"93_3_3","href":"","similarity":0.625},{"ID":"48_19_3__48_19_3__dominanteFarbe","entity_1_ID":"48_19_3","entity_2_ID":"48_19_3","href":"","similarity":1.0},{"ID":"48_19_3__49_7_1__dominanteFarbe","entity_1_ID":"48_19_3","entity_2_ID":"49_7_1","href":"","similarity":0.625},{"ID":"48_19_3__49_9_2__dominanteFarbe","entity_1_ID":"48_19_3","entity_2_ID":"49_9_2","href":"","similarity":0.625},{"ID":"48_19_3__49_9_3__dominanteFarbe","entity_1_ID":"48_19_3","entity_2_ID":"49_9_3","href":"","similarity":0.625},{"ID":"48_19_3__49_11_5__dominanteFarbe","entity_1_ID":"48_19_3","entity_2_ID":"49_11_5","href":"","similarity":0.625},{"ID":"48_19_3__49_18_1__dominanteFarbe","entity_1_ID":"48_19_3","entity_2_ID":"49_18_1","href":"","similarity":0.625},{"ID":"48_19_3__51_1_1__dominanteFarbe","entity_1_ID":"48_19_3","entity_2_ID":"51_1_1","href":"","similarity":0.625},{"ID":"48_19_3__51_3_2__dominanteFarbe","entity_1_ID":"48_19_3","entity_2_ID":"51_3_2","href":"","similarity":0.625},{"ID":"48_19_3__55_2_8__dominanteFarbe","entity_1_ID":"48_19_3","entity_2_ID":"55_2_8","href":"","similarity":0.625},{"ID":"48_19_3__55_2_15__dominanteFarbe","entity_1_ID":"48_19_3","entity_2_ID":"55_2_15","href":"","similarity":0.625},{"ID":"48_19_3__55_6_9__dominanteFarbe","entity_1_ID":"48_19_3","entity_2_ID":"55_6_9","href":"","similarity":0.625},{"ID":"48_19_3__56_10_8__dominanteFarbe","entity_1_ID":"48_19_3","entity_2_ID":"56_10_8","href":"","similarity":0.625},{"ID":"48_19_3__58_8_8__dominanteFarbe","entity_1_ID":"48_19_3","entity_2_ID":"58_8_8","href":"","similarity":0.625},{"ID":"48_19_3__60_4_1__dominanteFarbe","entity_1_ID":"48_19_3","entity_2_ID":"60_4_1","href":"","similarity":0.875},{"ID":"48_19_3__60_30_1__dominanteFarbe","entity_1_ID":"48_19_3","entity_2_ID":"60_30_1","href":"","similarity":0.625},{"ID":"48_19_3__61_9_6__dominanteFarbe","entity_1_ID":"48_19_3","entity_2_ID":"61_9_6","href":"","similarity":0.875},{"ID":"48_19_3__62_1_9__dominanteFarbe","entity_1_ID":"48_19_3","entity_2_ID":"62_1_9","href":"","similarity":0.625},{"ID":"48_19_3__62_3_14__dominanteFarbe","entity_1_ID":"48_19_3","entity_2_ID":"62_3_14","href":"","similarity":1.0},{"ID":"48_19_3__62_8_6__dominanteFarbe","entity_1_ID":"48_19_3","entity_2_ID":"62_8_6","href":"","similarity":0.875},{"ID":"48_19_3__63_3_6__dominanteFarbe","entity_1_ID":"48_19_3","entity_2_ID":"63_3_6","href":"","similarity":0.625},{"ID":"48_19_3__63_3_9__dominanteFarbe","entity_1_ID":"48_19_3","entity_2_ID":"63_3_9","href":"","similarity":0.875},{"ID":"48_19_3__63_6_3__dominanteFarbe","entity_1_ID":"48_19_3","entity_2_ID":"63_6_3","href":"","similarity":0.625},{"ID":"48_19_3__63_17_8__dominanteFarbe","entity_1_ID":"48_19_3","entity_2_ID":"63_17_8","href":"","similarity":1.0},{"ID":"48_19_3__64_2_1__dominanteFarbe","entity_1_ID":"48_19_3","entity_2_ID":"64_2_1","href":"","similarity":0.625},{"ID":"48_19_3__64_4_4__dominanteFarbe","entity_1_ID":"48_19_3","entity_2_ID":"64_4_4","href":"","similarity":0.625},{"ID":"48_19_3__64_27_1__dominanteFarbe","entity_1_ID":"48_19_3","entity_2_ID":"64_27_1","href":"","similarity":0.625},{"ID":"48_19_3__93_3_3__dominanteFarbe","entity_1_ID":"48_19_3","entity_2_ID":"93_3_3","href":"","similarity":1.0},{"ID":"49_7_1__49_7_1__dominanteFarbe","entity_1_ID":"49_7_1","entity_2_ID":"49_7_1","href":"","similarity":1.0},{"ID":"49_7_1__49_9_2__dominanteFarbe","entity_1_ID":"49_7_1","entity_2_ID":"49_9_2","href":"","similarity":0.625},{"ID":"49_7_1__49_9_3__dominanteFarbe","entity_1_ID":"49_7_1","entity_2_ID":"49_9_3","href":"","similarity":0.625},{"ID":"49_7_1__49_11_5__dominanteFarbe","entity_1_ID":"49_7_1","entity_2_ID":"49_11_5","href":"","similarity":0.625},{"ID":"49_7_1__49_18_1__dominanteFarbe","entity_1_ID":"49_7_1","entity_2_ID":"49_18_1","href":"","similarity":0.625},{"ID":"49_7_1__51_1_1__dominanteFarbe","entity_1_ID":"49_7_1","entity_2_ID":"51_1_1","href":"","similarity":0.625},{"ID":"49_7_1__51_3_2__dominanteFarbe","entity_1_ID":"49_7_1","entity_2_ID":"51_3_2","href":"","similarity":0.625},{"ID":"49_7_1__55_2_8__dominanteFarbe","entity_1_ID":"49_7_1","entity_2_ID":"55_2_8","href":"","similarity":0.625},{"ID":"49_7_1__55_2_15__dominanteFarbe","entity_1_ID":"49_7_1","entity_2_ID":"55_2_15","href":"","similarity":0.625},{"ID":"49_7_1__55_6_9__dominanteFarbe","entity_1_ID":"49_7_1","entity_2_ID":"55_6_9","href":"","similarity":0.625},{"ID":"49_7_1__56_10_8__dominanteFarbe","entity_1_ID":"49_7_1","entity_2_ID":"56_10_8","href":"","similarity":0.625},{"ID":"49_7_1__58_8_8__dominanteFarbe","entity_1_ID":"49_7_1","entity_2_ID":"58_8_8","href":"","similarity":0.625},{"ID":"49_7_1__60_4_1__dominanteFarbe","entity_1_ID":"49_7_1","entity_2_ID":"60_4_1","href":"","similarity":0.625},{"ID":"49_7_1__60_30_1__dominanteFarbe","entity_1_ID":"49_7_1","entity_2_ID":"60_30_1","href":"","similarity":1.0},{"ID":"49_7_1__61_9_6__dominanteFarbe","entity_1_ID":"49_7_1","entity_2_ID":"61_9_6","href":"","similarity":0.625},{"ID":"49_7_1__62_1_9__dominanteFarbe","entity_1_ID":"49_7_1","entity_2_ID":"62_1_9","href":"","similarity":0.625},{"ID":"49_7_1__62_3_14__dominanteFarbe","entity_1_ID":"49_7_1","entity_2_ID":"62_3_14","href":"","similarity":0.625},{"ID":"49_7_1__62_8_6__dominanteFarbe","entity_1_ID":"49_7_1","entity_2_ID":"62_8_6","href":"","similarity":0.625},{"ID":"49_7_1__63_3_6__dominanteFarbe","entity_1_ID":"49_7_1","entity_2_ID":"63_3_6","href":"","similarity":0.625},{"ID":"49_7_1__63_3_9__dominanteFarbe","entity_1_ID":"49_7_1","entity_2_ID":"63_3_9","href":"","similarity":0.625},{"ID":"49_7_1__63_6_3__dominanteFarbe","entity_1_ID":"49_7_1","entity_2_ID":"63_6_3","href":"","similarity":0.625},{"ID":"49_7_1__63_17_8__dominanteFarbe","entity_1_ID":"49_7_1","entity_2_ID":"63_17_8","href":"","similarity":0.625},{"ID":"49_7_1__64_2_1__dominanteFarbe","entity_1_ID":"49_7_1","entity_2_ID":"64_2_1","href":"","similarity":0.625},{"ID":"49_7_1__64_4_4__dominanteFarbe","entity_1_ID":"49_7_1","entity_2_ID":"64_4_4","href":"","similarity":0.625},{"ID":"49_7_1__64_27_1__dominanteFarbe","entity_1_ID":"49_7_1","entity_2_ID":"64_27_1","href":"","similarity":0.625},{"ID":"49_7_1__93_3_3__dominanteFarbe","entity_1_ID":"49_7_1","entity_2_ID":"93_3_3","href":"","similarity":0.625},{"ID":"49_9_2__49_9_2__dominanteFarbe","entity_1_ID":"49_9_2","entity_2_ID":"49_9_2","href":"","similarity":1.0},{"ID":"49_9_2__49_9_3__dominanteFarbe","entity_1_ID":"49_9_2","entity_2_ID":"49_9_3","href":"","similarity":1.0},{"ID":"49_9_2__49_11_5__dominanteFarbe","entity_1_ID":"49_9_2","entity_2_ID":"49_11_5","href":"","similarity":0.625},{"ID":"49_9_2__49_18_1__dominanteFarbe","entity_1_ID":"49_9_2","entity_2_ID":"49_18_1","href":"","similarity":1.0},{"ID":"49_9_2__51_1_1__dominanteFarbe","entity_1_ID":"49_9_2","entity_2_ID":"51_1_1","href":"","similarity":0.875},{"ID":"49_9_2__51_3_2__dominanteFarbe","entity_1_ID":"49_9_2","entity_2_ID":"51_3_2","href":"","similarity":0.875},{"ID":"49_9_2__55_2_8__dominanteFarbe","entity_1_ID":"49_9_2","entity_2_ID":"55_2_8","href":"","similarity":1.0},{"ID":"49_9_2__55_2_15__dominanteFarbe","entity_1_ID":"49_9_2","entity_2_ID":"55_2_15","href":"","similarity":1.0},{"ID":"49_9_2__55_6_9__dominanteFarbe","entity_1_ID":"49_9_2","entity_2_ID":"55_6_9","href":"","similarity":1.0},{"ID":"49_9_2__56_10_8__dominanteFarbe","entity_1_ID":"49_9_2","entity_2_ID":"56_10_8","href":"","similarity":0.875},{"ID":"49_9_2__58_8_8__dominanteFarbe","entity_1_ID":"49_9_2","entity_2_ID":"58_8_8","href":"","similarity":0.875},{"ID":"49_9_2__60_4_1__dominanteFarbe","entity_1_ID":"49_9_2","entity_2_ID":"60_4_1","href":"","similarity":0.625},{"ID":"49_9_2__60_30_1__dominanteFarbe","entity_1_ID":"49_9_2","entity_2_ID":"60_30_1","href":"","similarity":0.625},{"ID":"49_9_2__61_9_6__dominanteFarbe","entity_1_ID":"49_9_2","entity_2_ID":"61_9_6","href":"","similarity":0.625},{"ID":"49_9_2__62_1_9__dominanteFarbe","entity_1_ID":"49_9_2","entity_2_ID":"62_1_9","href":"","similarity":0.875},{"ID":"49_9_2__62_3_14__dominanteFarbe","entity_1_ID":"49_9_2","entity_2_ID":"62_3_14","href":"","similarity":0.625},{"ID":"49_9_2__62_8_6__dominanteFarbe","entity_1_ID":"49_9_2","entity_2_ID":"62_8_6","href":"","similarity":0.625},{"ID":"49_9_2__63_3_6__dominanteFarbe","entity_1_ID":"49_9_2","entity_2_ID":"63_3_6","href":"","similarity":0.625},{"ID":"49_9_2__63_3_9__dominanteFarbe","entity_1_ID":"49_9_2","entity_2_ID":"63_3_9","href":"","similarity":0.625},{"ID":"49_9_2__63_6_3__dominanteFarbe","entity_1_ID":"49_9_2","entity_2_ID":"63_6_3","href":"","similarity":1.0},{"ID":"49_9_2__63_17_8__dominanteFarbe","entity_1_ID":"49_9_2","entity_2_ID":"63_17_8","href":"","similarity":0.625},{"ID":"49_9_2__64_2_1__dominanteFarbe","entity_1_ID":"49_9_2","entity_2_ID":"64_2_1","href":"","similarity":0.875},{"ID":"49_9_2__64_4_4__dominanteFarbe","entity_1_ID":"49_9_2","entity_2_ID":"64_4_4","href":"","similarity":0.875},{"ID":"49_9_2__64_27_1__dominanteFarbe","entity_1_ID":"49_9_2","entity_2_ID":"64_27_1","href":"","similarity":0.875},{"ID":"49_9_2__93_3_3__dominanteFarbe","entity_1_ID":"49_9_2","entity_2_ID":"93_3_3","href":"","similarity":0.625},{"ID":"49_9_3__49_9_3__dominanteFarbe","entity_1_ID":"49_9_3","entity_2_ID":"49_9_3","href":"","similarity":1.0},{"ID":"49_9_3__49_11_5__dominanteFarbe","entity_1_ID":"49_9_3","entity_2_ID":"49_11_5","href":"","similarity":0.625},{"ID":"49_9_3__49_18_1__dominanteFarbe","entity_1_ID":"49_9_3","entity_2_ID":"49_18_1","href":"","similarity":1.0},{"ID":"49_9_3__51_1_1__dominanteFarbe","entity_1_ID":"49_9_3","entity_2_ID":"51_1_1","href":"","similarity":0.875},{"ID":"49_9_3__51_3_2__dominanteFarbe","entity_1_ID":"49_9_3","entity_2_ID":"51_3_2","href":"","similarity":0.875},{"ID":"49_9_3__55_2_8__dominanteFarbe","entity_1_ID":"49_9_3","entity_2_ID":"55_2_8","href":"","similarity":1.0},{"ID":"49_9_3__55_2_15__dominanteFarbe","entity_1_ID":"49_9_3","entity_2_ID":"55_2_15","href":"","similarity":1.0},{"ID":"49_9_3__55_6_9__dominanteFarbe","entity_1_ID":"49_9_3","entity_2_ID":"55_6_9","href":"","similarity":1.0},{"ID":"49_9_3__56_10_8__dominanteFarbe","entity_1_ID":"49_9_3","entity_2_ID":"56_10_8","href":"","similarity":0.875},{"ID":"49_9_3__58_8_8__dominanteFarbe","entity_1_ID":"49_9_3","entity_2_ID":"58_8_8","href":"","similarity":0.875},{"ID":"49_9_3__60_4_1__dominanteFarbe","entity_1_ID":"49_9_3","entity_2_ID":"60_4_1","href":"","similarity":0.625},{"ID":"49_9_3__60_30_1__dominanteFarbe","entity_1_ID":"49_9_3","entity_2_ID":"60_30_1","href":"","similarity":0.625},{"ID":"49_9_3__61_9_6__dominanteFarbe","entity_1_ID":"49_9_3","entity_2_ID":"61_9_6","href":"","similarity":0.625},{"ID":"49_9_3__62_1_9__dominanteFarbe","entity_1_ID":"49_9_3","entity_2_ID":"62_1_9","href":"","similarity":0.875},{"ID":"49_9_3__62_3_14__dominanteFarbe","entity_1_ID":"49_9_3","entity_2_ID":"62_3_14","href":"","similarity":0.625},{"ID":"49_9_3__62_8_6__dominanteFarbe","entity_1_ID":"49_9_3","entity_2_ID":"62_8_6","href":"","similarity":0.625},{"ID":"49_9_3__63_3_6__dominanteFarbe","entity_1_ID":"49_9_3","entity_2_ID":"63_3_6","href":"","similarity":0.625},{"ID":"49_9_3__63_3_9__dominanteFarbe","entity_1_ID":"49_9_3","entity_2_ID":"63_3_9","href":"","similarity":0.625},{"ID":"49_9_3__63_6_3__dominanteFarbe","entity_1_ID":"49_9_3","entity_2_ID":"63_6_3","href":"","similarity":1.0},{"ID":"49_9_3__63_17_8__dominanteFarbe","entity_1_ID":"49_9_3","entity_2_ID":"63_17_8","href":"","similarity":0.625},{"ID":"49_9_3__64_2_1__dominanteFarbe","entity_1_ID":"49_9_3","entity_2_ID":"64_2_1","href":"","similarity":0.875},{"ID":"49_9_3__64_4_4__dominanteFarbe","entity_1_ID":"49_9_3","entity_2_ID":"64_4_4","href":"","similarity":0.875},{"ID":"49_9_3__64_27_1__dominanteFarbe","entity_1_ID":"49_9_3","entity_2_ID":"64_27_1","href":"","similarity":0.875},{"ID":"49_9_3__93_3_3__dominanteFarbe","entity_1_ID":"49_9_3","entity_2_ID":"93_3_3","href":"","similarity":0.625},{"ID":"49_11_5__49_11_5__dominanteFarbe","entity_1_ID":"49_11_5","entity_2_ID":"49_11_5","href":"","similarity":1.0},{"ID":"49_11_5__49_18_1__dominanteFarbe","entity_1_ID":"49_11_5","entity_2_ID":"49_18_1","href":"","similarity":0.625},{"ID":"49_11_5__51_1_1__dominanteFarbe","entity_1_ID":"49_11_5","entity_2_ID":"51_1_1","href":"","similarity":0.625},{"ID":"49_11_5__51_3_2__dominanteFarbe","entity_1_ID":"49_11_5","entity_2_ID":"51_3_2","href":"","similarity":0.625},{"ID":"49_11_5__55_2_8__dominanteFarbe","entity_1_ID":"49_11_5","entity_2_ID":"55_2_8","href":"","similarity":0.625},{"ID":"49_11_5__55_2_15__dominanteFarbe","entity_1_ID":"49_11_5","entity_2_ID":"55_2_15","href":"","similarity":0.625},{"ID":"49_11_5__55_6_9__dominanteFarbe","entity_1_ID":"49_11_5","entity_2_ID":"55_6_9","href":"","similarity":0.625},{"ID":"49_11_5__56_10_8__dominanteFarbe","entity_1_ID":"49_11_5","entity_2_ID":"56_10_8","href":"","similarity":0.625},{"ID":"49_11_5__58_8_8__dominanteFarbe","entity_1_ID":"49_11_5","entity_2_ID":"58_8_8","href":"","similarity":0.625},{"ID":"49_11_5__60_4_1__dominanteFarbe","entity_1_ID":"49_11_5","entity_2_ID":"60_4_1","href":"","similarity":0.625},{"ID":"49_11_5__60_30_1__dominanteFarbe","entity_1_ID":"49_11_5","entity_2_ID":"60_30_1","href":"","similarity":0.625},{"ID":"49_11_5__61_9_6__dominanteFarbe","entity_1_ID":"49_11_5","entity_2_ID":"61_9_6","href":"","similarity":0.625},{"ID":"49_11_5__62_1_9__dominanteFarbe","entity_1_ID":"49_11_5","entity_2_ID":"62_1_9","href":"","similarity":0.625},{"ID":"49_11_5__62_3_14__dominanteFarbe","entity_1_ID":"49_11_5","entity_2_ID":"62_3_14","href":"","similarity":0.625},{"ID":"49_11_5__62_8_6__dominanteFarbe","entity_1_ID":"49_11_5","entity_2_ID":"62_8_6","href":"","similarity":0.625},{"ID":"49_11_5__63_3_6__dominanteFarbe","entity_1_ID":"49_11_5","entity_2_ID":"63_3_6","href":"","similarity":1.0},{"ID":"49_11_5__63_3_9__dominanteFarbe","entity_1_ID":"49_11_5","entity_2_ID":"63_3_9","href":"","similarity":0.625},{"ID":"49_11_5__63_6_3__dominanteFarbe","entity_1_ID":"49_11_5","entity_2_ID":"63_6_3","href":"","similarity":0.625},{"ID":"49_11_5__63_17_8__dominanteFarbe","entity_1_ID":"49_11_5","entity_2_ID":"63_17_8","href":"","similarity":0.625},{"ID":"49_11_5__64_2_1__dominanteFarbe","entity_1_ID":"49_11_5","entity_2_ID":"64_2_1","href":"","similarity":0.625},{"ID":"49_11_5__64_4_4__dominanteFarbe","entity_1_ID":"49_11_5","entity_2_ID":"64_4_4","href":"","similarity":0.625},{"ID":"49_11_5__64_27_1__dominanteFarbe","entity_1_ID":"49_11_5","entity_2_ID":"64_27_1","href":"","similarity":0.625},{"ID":"49_11_5__93_3_3__dominanteFarbe","entity_1_ID":"49_11_5","entity_2_ID":"93_3_3","href":"","similarity":0.625},{"ID":"49_18_1__49_18_1__dominanteFarbe","entity_1_ID":"49_18_1","entity_2_ID":"49_18_1","href":"","similarity":1.0},{"ID":"49_18_1__51_1_1__dominanteFarbe","entity_1_ID":"49_18_1","entity_2_ID":"51_1_1","href":"","similarity":0.875},{"ID":"49_18_1__51_3_2__dominanteFarbe","entity_1_ID":"49_18_1","entity_2_ID":"51_3_2","href":"","similarity":0.875},{"ID":"49_18_1__55_2_8__dominanteFarbe","entity_1_ID":"49_18_1","entity_2_ID":"55_2_8","href":"","similarity":1.0},{"ID":"49_18_1__55_2_15__dominanteFarbe","entity_1_ID":"49_18_1","entity_2_ID":"55_2_15","href":"","similarity":1.0},{"ID":"49_18_1__55_6_9__dominanteFarbe","entity_1_ID":"49_18_1","entity_2_ID":"55_6_9","href":"","similarity":1.0},{"ID":"49_18_1__56_10_8__dominanteFarbe","entity_1_ID":"49_18_1","entity_2_ID":"56_10_8","href":"","similarity":0.875},{"ID":"49_18_1__58_8_8__dominanteFarbe","entity_1_ID":"49_18_1","entity_2_ID":"58_8_8","href":"","similarity":0.875},{"ID":"49_18_1__60_4_1__dominanteFarbe","entity_1_ID":"49_18_1","entity_2_ID":"60_4_1","href":"","similarity":0.625},{"ID":"49_18_1__60_30_1__dominanteFarbe","entity_1_ID":"49_18_1","entity_2_ID":"60_30_1","href":"","similarity":0.625},{"ID":"49_18_1__61_9_6__dominanteFarbe","entity_1_ID":"49_18_1","entity_2_ID":"61_9_6","href":"","similarity":0.625},{"ID":"49_18_1__62_1_9__dominanteFarbe","entity_1_ID":"49_18_1","entity_2_ID":"62_1_9","href":"","similarity":0.875},{"ID":"49_18_1__62_3_14__dominanteFarbe","entity_1_ID":"49_18_1","entity_2_ID":"62_3_14","href":"","similarity":0.625},{"ID":"49_18_1__62_8_6__dominanteFarbe","entity_1_ID":"49_18_1","entity_2_ID":"62_8_6","href":"","similarity":0.625},{"ID":"49_18_1__63_3_6__dominanteFarbe","entity_1_ID":"49_18_1","entity_2_ID":"63_3_6","href":"","similarity":0.625},{"ID":"49_18_1__63_3_9__dominanteFarbe","entity_1_ID":"49_18_1","entity_2_ID":"63_3_9","href":"","similarity":0.625},{"ID":"49_18_1__63_6_3__dominanteFarbe","entity_1_ID":"49_18_1","entity_2_ID":"63_6_3","href":"","similarity":1.0},{"ID":"49_18_1__63_17_8__dominanteFarbe","entity_1_ID":"49_18_1","entity_2_ID":"63_17_8","href":"","similarity":0.625},{"ID":"49_18_1__64_2_1__dominanteFarbe","entity_1_ID":"49_18_1","entity_2_ID":"64_2_1","href":"","similarity":0.875},{"ID":"49_18_1__64_4_4__dominanteFarbe","entity_1_ID":"49_18_1","entity_2_ID":"64_4_4","href":"","similarity":0.875},{"ID":"49_18_1__64_27_1__dominanteFarbe","entity_1_ID":"49_18_1","entity_2_ID":"64_27_1","href":"","similarity":0.875},{"ID":"49_18_1__93_3_3__dominanteFarbe","entity_1_ID":"49_18_1","entity_2_ID":"93_3_3","href":"","similarity":0.625},{"ID":"51_1_1__51_1_1__dominanteFarbe","entity_1_ID":"51_1_1","entity_2_ID":"51_1_1","href":"","similarity":1.0},{"ID":"51_1_1__51_3_2__dominanteFarbe","entity_1_ID":"51_1_1","entity_2_ID":"51_3_2","href":"","similarity":1.0},{"ID":"51_1_1__55_2_8__dominanteFarbe","entity_1_ID":"51_1_1","entity_2_ID":"55_2_8","href":"","similarity":0.875},{"ID":"51_1_1__55_2_15__dominanteFarbe","entity_1_ID":"51_1_1","entity_2_ID":"55_2_15","href":"","similarity":0.875},{"ID":"51_1_1__55_6_9__dominanteFarbe","entity_1_ID":"51_1_1","entity_2_ID":"55_6_9","href":"","similarity":0.875},{"ID":"51_1_1__56_10_8__dominanteFarbe","entity_1_ID":"51_1_1","entity_2_ID":"56_10_8","href":"","similarity":1.0},{"ID":"51_1_1__58_8_8__dominanteFarbe","entity_1_ID":"51_1_1","entity_2_ID":"58_8_8","href":"","similarity":1.0},{"ID":"51_1_1__60_4_1__dominanteFarbe","entity_1_ID":"51_1_1","entity_2_ID":"60_4_1","href":"","similarity":0.625},{"ID":"51_1_1__60_30_1__dominanteFarbe","entity_1_ID":"51_1_1","entity_2_ID":"60_30_1","href":"","similarity":0.625},{"ID":"51_1_1__61_9_6__dominanteFarbe","entity_1_ID":"51_1_1","entity_2_ID":"61_9_6","href":"","similarity":0.625},{"ID":"51_1_1__62_1_9__dominanteFarbe","entity_1_ID":"51_1_1","entity_2_ID":"62_1_9","href":"","similarity":1.0},{"ID":"51_1_1__62_3_14__dominanteFarbe","entity_1_ID":"51_1_1","entity_2_ID":"62_3_14","href":"","similarity":0.625},{"ID":"51_1_1__62_8_6__dominanteFarbe","entity_1_ID":"51_1_1","entity_2_ID":"62_8_6","href":"","similarity":0.625},{"ID":"51_1_1__63_3_6__dominanteFarbe","entity_1_ID":"51_1_1","entity_2_ID":"63_3_6","href":"","similarity":0.625},{"ID":"51_1_1__63_3_9__dominanteFarbe","entity_1_ID":"51_1_1","entity_2_ID":"63_3_9","href":"","similarity":0.625},{"ID":"51_1_1__63_6_3__dominanteFarbe","entity_1_ID":"51_1_1","entity_2_ID":"63_6_3","href":"","similarity":0.875},{"ID":"51_1_1__63_17_8__dominanteFarbe","entity_1_ID":"51_1_1","entity_2_ID":"63_17_8","href":"","similarity":0.625},{"ID":"51_1_1__64_2_1__dominanteFarbe","entity_1_ID":"51_1_1","entity_2_ID":"64_2_1","href":"","similarity":1.0},{"ID":"51_1_1__64_4_4__dominanteFarbe","entity_1_ID":"51_1_1","entity_2_ID":"64_4_4","href":"","similarity":1.0},{"ID":"51_1_1__64_27_1__dominanteFarbe","entity_1_ID":"51_1_1","entity_2_ID":"64_27_1","href":"","similarity":1.0},{"ID":"51_1_1__93_3_3__dominanteFarbe","entity_1_ID":"51_1_1","entity_2_ID":"93_3_3","href":"","similarity":0.625},{"ID":"51_3_2__51_3_2__dominanteFarbe","entity_1_ID":"51_3_2","entity_2_ID":"51_3_2","href":"","similarity":1.0},{"ID":"51_3_2__55_2_8__dominanteFarbe","entity_1_ID":"51_3_2","entity_2_ID":"55_2_8","href":"","similarity":0.875},{"ID":"51_3_2__55_2_15__dominanteFarbe","entity_1_ID":"51_3_2","entity_2_ID":"55_2_15","href":"","similarity":0.875},{"ID":"51_3_2__55_6_9__dominanteFarbe","entity_1_ID":"51_3_2","entity_2_ID":"55_6_9","href":"","similarity":0.875},{"ID":"51_3_2__56_10_8__dominanteFarbe","entity_1_ID":"51_3_2","entity_2_ID":"56_10_8","href":"","similarity":1.0},{"ID":"51_3_2__58_8_8__dominanteFarbe","entity_1_ID":"51_3_2","entity_2_ID":"58_8_8","href":"","similarity":1.0},{"ID":"51_3_2__60_4_1__dominanteFarbe","entity_1_ID":"51_3_2","entity_2_ID":"60_4_1","href":"","similarity":0.625},{"ID":"51_3_2__60_30_1__dominanteFarbe","entity_1_ID":"51_3_2","entity_2_ID":"60_30_1","href":"","similarity":0.625},{"ID":"51_3_2__61_9_6__dominanteFarbe","entity_1_ID":"51_3_2","entity_2_ID":"61_9_6","href":"","similarity":0.625},{"ID":"51_3_2__62_1_9__dominanteFarbe","entity_1_ID":"51_3_2","entity_2_ID":"62_1_9","href":"","similarity":1.0},{"ID":"51_3_2__62_3_14__dominanteFarbe","entity_1_ID":"51_3_2","entity_2_ID":"62_3_14","href":"","similarity":0.625},{"ID":"51_3_2__62_8_6__dominanteFarbe","entity_1_ID":"51_3_2","entity_2_ID":"62_8_6","href":"","similarity":0.625},{"ID":"51_3_2__63_3_6__dominanteFarbe","entity_1_ID":"51_3_2","entity_2_ID":"63_3_6","href":"","similarity":0.625},{"ID":"51_3_2__63_3_9__dominanteFarbe","entity_1_ID":"51_3_2","entity_2_ID":"63_3_9","href":"","similarity":0.625},{"ID":"51_3_2__63_6_3__dominanteFarbe","entity_1_ID":"51_3_2","entity_2_ID":"63_6_3","href":"","similarity":0.875},{"ID":"51_3_2__63_17_8__dominanteFarbe","entity_1_ID":"51_3_2","entity_2_ID":"63_17_8","href":"","similarity":0.625},{"ID":"51_3_2__64_2_1__dominanteFarbe","entity_1_ID":"51_3_2","entity_2_ID":"64_2_1","href":"","similarity":1.0},{"ID":"51_3_2__64_4_4__dominanteFarbe","entity_1_ID":"51_3_2","entity_2_ID":"64_4_4","href":"","similarity":1.0},{"ID":"51_3_2__64_27_1__dominanteFarbe","entity_1_ID":"51_3_2","entity_2_ID":"64_27_1","href":"","similarity":1.0},{"ID":"51_3_2__93_3_3__dominanteFarbe","entity_1_ID":"51_3_2","entity_2_ID":"93_3_3","href":"","similarity":0.625},{"ID":"55_2_8__55_2_8__dominanteFarbe","entity_1_ID":"55_2_8","entity_2_ID":"55_2_8","href":"","similarity":1.0},{"ID":"55_2_8__55_2_15__dominanteFarbe","entity_1_ID":"55_2_8","entity_2_ID":"55_2_15","href":"","similarity":1.0},{"ID":"55_2_8__55_6_9__dominanteFarbe","entity_1_ID":"55_2_8","entity_2_ID":"55_6_9","href":"","similarity":1.0},{"ID":"55_2_8__56_10_8__dominanteFarbe","entity_1_ID":"55_2_8","entity_2_ID":"56_10_8","href":"","similarity":0.875},{"ID":"55_2_8__58_8_8__dominanteFarbe","entity_1_ID":"55_2_8","entity_2_ID":"58_8_8","href":"","similarity":0.875},{"ID":"55_2_8__60_4_1__dominanteFarbe","entity_1_ID":"55_2_8","entity_2_ID":"60_4_1","href":"","similarity":0.625},{"ID":"55_2_8__60_30_1__dominanteFarbe","entity_1_ID":"55_2_8","entity_2_ID":"60_30_1","href":"","similarity":0.625},{"ID":"55_2_8__61_9_6__dominanteFarbe","entity_1_ID":"55_2_8","entity_2_ID":"61_9_6","href":"","similarity":0.625},{"ID":"55_2_8__62_1_9__dominanteFarbe","entity_1_ID":"55_2_8","entity_2_ID":"62_1_9","href":"","similarity":0.875},{"ID":"55_2_8__62_3_14__dominanteFarbe","entity_1_ID":"55_2_8","entity_2_ID":"62_3_14","href":"","similarity":0.625},{"ID":"55_2_8__62_8_6__dominanteFarbe","entity_1_ID":"55_2_8","entity_2_ID":"62_8_6","href":"","similarity":0.625},{"ID":"55_2_8__63_3_6__dominanteFarbe","entity_1_ID":"55_2_8","entity_2_ID":"63_3_6","href":"","similarity":0.625},{"ID":"55_2_8__63_3_9__dominanteFarbe","entity_1_ID":"55_2_8","entity_2_ID":"63_3_9","href":"","similarity":0.625},{"ID":"55_2_8__63_6_3__dominanteFarbe","entity_1_ID":"55_2_8","entity_2_ID":"63_6_3","href":"","similarity":1.0},{"ID":"55_2_8__63_17_8__dominanteFarbe","entity_1_ID":"55_2_8","entity_2_ID":"63_17_8","href":"","similarity":0.625},{"ID":"55_2_8__64_2_1__dominanteFarbe","entity_1_ID":"55_2_8","entity_2_ID":"64_2_1","href":"","similarity":0.875},{"ID":"55_2_8__64_4_4__dominanteFarbe","entity_1_ID":"55_2_8","entity_2_ID":"64_4_4","href":"","similarity":0.875},{"ID":"55_2_8__64_27_1__dominanteFarbe","entity_1_ID":"55_2_8","entity_2_ID":"64_27_1","href":"","similarity":0.875},{"ID":"55_2_8__93_3_3__dominanteFarbe","entity_1_ID":"55_2_8","entity_2_ID":"93_3_3","href":"","similarity":0.625},{"ID":"55_2_15__55_2_15__dominanteFarbe","entity_1_ID":"55_2_15","entity_2_ID":"55_2_15","href":"","similarity":1.0},{"ID":"55_2_15__55_6_9__dominanteFarbe","entity_1_ID":"55_2_15","entity_2_ID":"55_6_9","href":"","similarity":1.0},{"ID":"55_2_15__56_10_8__dominanteFarbe","entity_1_ID":"55_2_15","entity_2_ID":"56_10_8","href":"","similarity":0.875},{"ID":"55_2_15__58_8_8__dominanteFarbe","entity_1_ID":"55_2_15","entity_2_ID":"58_8_8","href":"","similarity":0.875},{"ID":"55_2_15__60_4_1__dominanteFarbe","entity_1_ID":"55_2_15","entity_2_ID":"60_4_1","href":"","similarity":0.625},{"ID":"55_2_15__60_30_1__dominanteFarbe","entity_1_ID":"55_2_15","entity_2_ID":"60_30_1","href":"","similarity":0.625},{"ID":"55_2_15__61_9_6__dominanteFarbe","entity_1_ID":"55_2_15","entity_2_ID":"61_9_6","href":"","similarity":0.625},{"ID":"55_2_15__62_1_9__dominanteFarbe","entity_1_ID":"55_2_15","entity_2_ID":"62_1_9","href":"","similarity":0.875},{"ID":"55_2_15__62_3_14__dominanteFarbe","entity_1_ID":"55_2_15","entity_2_ID":"62_3_14","href":"","similarity":0.625},{"ID":"55_2_15__62_8_6__dominanteFarbe","entity_1_ID":"55_2_15","entity_2_ID":"62_8_6","href":"","similarity":0.625},{"ID":"55_2_15__63_3_6__dominanteFarbe","entity_1_ID":"55_2_15","entity_2_ID":"63_3_6","href":"","similarity":0.625},{"ID":"55_2_15__63_3_9__dominanteFarbe","entity_1_ID":"55_2_15","entity_2_ID":"63_3_9","href":"","similarity":0.625},{"ID":"55_2_15__63_6_3__dominanteFarbe","entity_1_ID":"55_2_15","entity_2_ID":"63_6_3","href":"","similarity":1.0},{"ID":"55_2_15__63_17_8__dominanteFarbe","entity_1_ID":"55_2_15","entity_2_ID":"63_17_8","href":"","similarity":0.625},{"ID":"55_2_15__64_2_1__dominanteFarbe","entity_1_ID":"55_2_15","entity_2_ID":"64_2_1","href":"","similarity":0.875},{"ID":"55_2_15__64_4_4__dominanteFarbe","entity_1_ID":"55_2_15","entity_2_ID":"64_4_4","href":"","similarity":0.875},{"ID":"55_2_15__64_27_1__dominanteFarbe","entity_1_ID":"55_2_15","entity_2_ID":"64_27_1","href":"","similarity":0.875},{"ID":"55_2_15__93_3_3__dominanteFarbe","entity_1_ID":"55_2_15","entity_2_ID":"93_3_3","href":"","similarity":0.625},{"ID":"55_6_9__55_6_9__dominanteFarbe","entity_1_ID":"55_6_9","entity_2_ID":"55_6_9","href":"","similarity":1.0},{"ID":"55_6_9__56_10_8__dominanteFarbe","entity_1_ID":"55_6_9","entity_2_ID":"56_10_8","href":"","similarity":0.875},{"ID":"55_6_9__58_8_8__dominanteFarbe","entity_1_ID":"55_6_9","entity_2_ID":"58_8_8","href":"","similarity":0.875},{"ID":"55_6_9__60_4_1__dominanteFarbe","entity_1_ID":"55_6_9","entity_2_ID":"60_4_1","href":"","similarity":0.625},{"ID":"55_6_9__60_30_1__dominanteFarbe","entity_1_ID":"55_6_9","entity_2_ID":"60_30_1","href":"","similarity":0.625},{"ID":"55_6_9__61_9_6__dominanteFarbe","entity_1_ID":"55_6_9","entity_2_ID":"61_9_6","href":"","similarity":0.625},{"ID":"55_6_9__62_1_9__dominanteFarbe","entity_1_ID":"55_6_9","entity_2_ID":"62_1_9","href":"","similarity":0.875},{"ID":"55_6_9__62_3_14__dominanteFarbe","entity_1_ID":"55_6_9","entity_2_ID":"62_3_14","href":"","similarity":0.625},{"ID":"55_6_9__62_8_6__dominanteFarbe","entity_1_ID":"55_6_9","entity_2_ID":"62_8_6","href":"","similarity":0.625},{"ID":"55_6_9__63_3_6__dominanteFarbe","entity_1_ID":"55_6_9","entity_2_ID":"63_3_6","href":"","similarity":0.625},{"ID":"55_6_9__63_3_9__dominanteFarbe","entity_1_ID":"55_6_9","entity_2_ID":"63_3_9","href":"","similarity":0.625},{"ID":"55_6_9__63_6_3__dominanteFarbe","entity_1_ID":"55_6_9","entity_2_ID":"63_6_3","href":"","similarity":1.0},{"ID":"55_6_9__63_17_8__dominanteFarbe","entity_1_ID":"55_6_9","entity_2_ID":"63_17_8","href":"","similarity":0.625},{"ID":"55_6_9__64_2_1__dominanteFarbe","entity_1_ID":"55_6_9","entity_2_ID":"64_2_1","href":"","similarity":0.875},{"ID":"55_6_9__64_4_4__dominanteFarbe","entity_1_ID":"55_6_9","entity_2_ID":"64_4_4","href":"","similarity":0.875},{"ID":"55_6_9__64_27_1__dominanteFarbe","entity_1_ID":"55_6_9","entity_2_ID":"64_27_1","href":"","similarity":0.875},{"ID":"55_6_9__93_3_3__dominanteFarbe","entity_1_ID":"55_6_9","entity_2_ID":"93_3_3","href":"","similarity":0.625},{"ID":"56_10_8__56_10_8__dominanteFarbe","entity_1_ID":"56_10_8","entity_2_ID":"56_10_8","href":"","similarity":1.0},{"ID":"56_10_8__58_8_8__dominanteFarbe","entity_1_ID":"56_10_8","entity_2_ID":"58_8_8","href":"","similarity":1.0},{"ID":"56_10_8__60_4_1__dominanteFarbe","entity_1_ID":"56_10_8","entity_2_ID":"60_4_1","href":"","similarity":0.625},{"ID":"56_10_8__60_30_1__dominanteFarbe","entity_1_ID":"56_10_8","entity_2_ID":"60_30_1","href":"","similarity":0.625},{"ID":"56_10_8__61_9_6__dominanteFarbe","entity_1_ID":"56_10_8","entity_2_ID":"61_9_6","href":"","similarity":0.625},{"ID":"56_10_8__62_1_9__dominanteFarbe","entity_1_ID":"56_10_8","entity_2_ID":"62_1_9","href":"","similarity":1.0},{"ID":"56_10_8__62_3_14__dominanteFarbe","entity_1_ID":"56_10_8","entity_2_ID":"62_3_14","href":"","similarity":0.625},{"ID":"56_10_8__62_8_6__dominanteFarbe","entity_1_ID":"56_10_8","entity_2_ID":"62_8_6","href":"","similarity":0.625},{"ID":"56_10_8__63_3_6__dominanteFarbe","entity_1_ID":"56_10_8","entity_2_ID":"63_3_6","href":"","similarity":0.625},{"ID":"56_10_8__63_3_9__dominanteFarbe","entity_1_ID":"56_10_8","entity_2_ID":"63_3_9","href":"","similarity":0.625},{"ID":"56_10_8__63_6_3__dominanteFarbe","entity_1_ID":"56_10_8","entity_2_ID":"63_6_3","href":"","similarity":0.875},{"ID":"56_10_8__63_17_8__dominanteFarbe","entity_1_ID":"56_10_8","entity_2_ID":"63_17_8","href":"","similarity":0.625},{"ID":"56_10_8__64_2_1__dominanteFarbe","entity_1_ID":"56_10_8","entity_2_ID":"64_2_1","href":"","similarity":1.0},{"ID":"56_10_8__64_4_4__dominanteFarbe","entity_1_ID":"56_10_8","entity_2_ID":"64_4_4","href":"","similarity":1.0},{"ID":"56_10_8__64_27_1__dominanteFarbe","entity_1_ID":"56_10_8","entity_2_ID":"64_27_1","href":"","similarity":1.0},{"ID":"56_10_8__93_3_3__dominanteFarbe","entity_1_ID":"56_10_8","entity_2_ID":"93_3_3","href":"","similarity":0.625},{"ID":"58_8_8__58_8_8__dominanteFarbe","entity_1_ID":"58_8_8","entity_2_ID":"58_8_8","href":"","similarity":1.0},{"ID":"58_8_8__60_4_1__dominanteFarbe","entity_1_ID":"58_8_8","entity_2_ID":"60_4_1","href":"","similarity":0.625},{"ID":"58_8_8__60_30_1__dominanteFarbe","entity_1_ID":"58_8_8","entity_2_ID":"60_30_1","href":"","similarity":0.625},{"ID":"58_8_8__61_9_6__dominanteFarbe","entity_1_ID":"58_8_8","entity_2_ID":"61_9_6","href":"","similarity":0.625},{"ID":"58_8_8__62_1_9__dominanteFarbe","entity_1_ID":"58_8_8","entity_2_ID":"62_1_9","href":"","similarity":1.0},{"ID":"58_8_8__62_3_14__dominanteFarbe","entity_1_ID":"58_8_8","entity_2_ID":"62_3_14","href":"","similarity":0.625},{"ID":"58_8_8__62_8_6__dominanteFarbe","entity_1_ID":"58_8_8","entity_2_ID":"62_8_6","href":"","similarity":0.625},{"ID":"58_8_8__63_3_6__dominanteFarbe","entity_1_ID":"58_8_8","entity_2_ID":"63_3_6","href":"","similarity":0.625},{"ID":"58_8_8__63_3_9__dominanteFarbe","entity_1_ID":"58_8_8","entity_2_ID":"63_3_9","href":"","similarity":0.625},{"ID":"58_8_8__63_6_3__dominanteFarbe","entity_1_ID":"58_8_8","entity_2_ID":"63_6_3","href":"","similarity":0.875},{"ID":"58_8_8__63_17_8__dominanteFarbe","entity_1_ID":"58_8_8","entity_2_ID":"63_17_8","href":"","similarity":0.625},{"ID":"58_8_8__64_2_1__dominanteFarbe","entity_1_ID":"58_8_8","entity_2_ID":"64_2_1","href":"","similarity":1.0},{"ID":"58_8_8__64_4_4__dominanteFarbe","entity_1_ID":"58_8_8","entity_2_ID":"64_4_4","href":"","similarity":1.0},{"ID":"58_8_8__64_27_1__dominanteFarbe","entity_1_ID":"58_8_8","entity_2_ID":"64_27_1","href":"","similarity":1.0},{"ID":"58_8_8__93_3_3__dominanteFarbe","entity_1_ID":"58_8_8","entity_2_ID":"93_3_3","href":"","similarity":0.625},{"ID":"60_4_1__60_4_1__dominanteFarbe","entity_1_ID":"60_4_1","entity_2_ID":"60_4_1","href":"","similarity":1.0},{"ID":"60_4_1__60_30_1__dominanteFarbe","entity_1_ID":"60_4_1","entity_2_ID":"60_30_1","href":"","similarity":0.625},{"ID":"60_4_1__61_9_6__dominanteFarbe","entity_1_ID":"60_4_1","entity_2_ID":"61_9_6","href":"","similarity":1.0},{"ID":"60_4_1__62_1_9__dominanteFarbe","entity_1_ID":"60_4_1","entity_2_ID":"62_1_9","href":"","similarity":0.625},{"ID":"60_4_1__62_3_14__dominanteFarbe","entity_1_ID":"60_4_1","entity_2_ID":"62_3_14","href":"","similarity":0.875},{"ID":"60_4_1__62_8_6__dominanteFarbe","entity_1_ID":"60_4_1","entity_2_ID":"62_8_6","href":"","similarity":1.0},{"ID":"60_4_1__63_3_6__dominanteFarbe","entity_1_ID":"60_4_1","entity_2_ID":"63_3_6","href":"","similarity":0.625},{"ID":"60_4_1__63_3_9__dominanteFarbe","entity_1_ID":"60_4_1","entity_2_ID":"63_3_9","href":"","similarity":1.0},{"ID":"60_4_1__63_6_3__dominanteFarbe","entity_1_ID":"60_4_1","entity_2_ID":"63_6_3","href":"","similarity":0.625},{"ID":"60_4_1__63_17_8__dominanteFarbe","entity_1_ID":"60_4_1","entity_2_ID":"63_17_8","href":"","similarity":0.875},{"ID":"60_4_1__64_2_1__dominanteFarbe","entity_1_ID":"60_4_1","entity_2_ID":"64_2_1","href":"","similarity":0.625},{"ID":"60_4_1__64_4_4__dominanteFarbe","entity_1_ID":"60_4_1","entity_2_ID":"64_4_4","href":"","similarity":0.625},{"ID":"60_4_1__64_27_1__dominanteFarbe","entity_1_ID":"60_4_1","entity_2_ID":"64_27_1","href":"","similarity":0.625},{"ID":"60_4_1__93_3_3__dominanteFarbe","entity_1_ID":"60_4_1","entity_2_ID":"93_3_3","href":"","similarity":0.875},{"ID":"60_30_1__60_30_1__dominanteFarbe","entity_1_ID":"60_30_1","entity_2_ID":"60_30_1","href":"","similarity":1.0},{"ID":"60_30_1__61_9_6__dominanteFarbe","entity_1_ID":"60_30_1","entity_2_ID":"61_9_6","href":"","similarity":0.625},{"ID":"60_30_1__62_1_9__dominanteFarbe","entity_1_ID":"60_30_1","entity_2_ID":"62_1_9","href":"","similarity":0.625},{"ID":"60_30_1__62_3_14__dominanteFarbe","entity_1_ID":"60_30_1","entity_2_ID":"62_3_14","href":"","similarity":0.625},{"ID":"60_30_1__62_8_6__dominanteFarbe","entity_1_ID":"60_30_1","entity_2_ID":"62_8_6","href":"","similarity":0.625},{"ID":"60_30_1__63_3_6__dominanteFarbe","entity_1_ID":"60_30_1","entity_2_ID":"63_3_6","href":"","similarity":0.625},{"ID":"60_30_1__63_3_9__dominanteFarbe","entity_1_ID":"60_30_1","entity_2_ID":"63_3_9","href":"","similarity":0.625},{"ID":"60_30_1__63_6_3__dominanteFarbe","entity_1_ID":"60_30_1","entity_2_ID":"63_6_3","href":"","similarity":0.625},{"ID":"60_30_1__63_17_8__dominanteFarbe","entity_1_ID":"60_30_1","entity_2_ID":"63_17_8","href":"","similarity":0.625},{"ID":"60_30_1__64_2_1__dominanteFarbe","entity_1_ID":"60_30_1","entity_2_ID":"64_2_1","href":"","similarity":0.625},{"ID":"60_30_1__64_4_4__dominanteFarbe","entity_1_ID":"60_30_1","entity_2_ID":"64_4_4","href":"","similarity":0.625},{"ID":"60_30_1__64_27_1__dominanteFarbe","entity_1_ID":"60_30_1","entity_2_ID":"64_27_1","href":"","similarity":0.625},{"ID":"60_30_1__93_3_3__dominanteFarbe","entity_1_ID":"60_30_1","entity_2_ID":"93_3_3","href":"","similarity":0.625},{"ID":"61_9_6__61_9_6__dominanteFarbe","entity_1_ID":"61_9_6","entity_2_ID":"61_9_6","href":"","similarity":1.0},{"ID":"61_9_6__62_1_9__dominanteFarbe","entity_1_ID":"61_9_6","entity_2_ID":"62_1_9","href":"","similarity":0.625},{"ID":"61_9_6__62_3_14__dominanteFarbe","entity_1_ID":"61_9_6","entity_2_ID":"62_3_14","href":"","similarity":0.875},{"ID":"61_9_6__62_8_6__dominanteFarbe","entity_1_ID":"61_9_6","entity_2_ID":"62_8_6","href":"","similarity":1.0},{"ID":"61_9_6__63_3_6__dominanteFarbe","entity_1_ID":"61_9_6","entity_2_ID":"63_3_6","href":"","similarity":0.625},{"ID":"61_9_6__63_3_9__dominanteFarbe","entity_1_ID":"61_9_6","entity_2_ID":"63_3_9","href":"","similarity":1.0},{"ID":"61_9_6__63_6_3__dominanteFarbe","entity_1_ID":"61_9_6","entity_2_ID":"63_6_3","href":"","similarity":0.625},{"ID":"61_9_6__63_17_8__dominanteFarbe","entity_1_ID":"61_9_6","entity_2_ID":"63_17_8","href":"","similarity":0.875},{"ID":"61_9_6__64_2_1__dominanteFarbe","entity_1_ID":"61_9_6","entity_2_ID":"64_2_1","href":"","similarity":0.625},{"ID":"61_9_6__64_4_4__dominanteFarbe","entity_1_ID":"61_9_6","entity_2_ID":"64_4_4","href":"","similarity":0.625},{"ID":"61_9_6__64_27_1__dominanteFarbe","entity_1_ID":"61_9_6","entity_2_ID":"64_27_1","href":"","similarity":0.625},{"ID":"61_9_6__93_3_3__dominanteFarbe","entity_1_ID":"61_9_6","entity_2_ID":"93_3_3","href":"","similarity":0.875},{"ID":"62_1_9__62_1_9__dominanteFarbe","entity_1_ID":"62_1_9","entity_2_ID":"62_1_9","href":"","similarity":1.0},{"ID":"62_1_9__62_3_14__dominanteFarbe","entity_1_ID":"62_1_9","entity_2_ID":"62_3_14","href":"","similarity":0.625},{"ID":"62_1_9__62_8_6__dominanteFarbe","entity_1_ID":"62_1_9","entity_2_ID":"62_8_6","href":"","similarity":0.625},{"ID":"62_1_9__63_3_6__dominanteFarbe","entity_1_ID":"62_1_9","entity_2_ID":"63_3_6","href":"","similarity":0.625},{"ID":"62_1_9__63_3_9__dominanteFarbe","entity_1_ID":"62_1_9","entity_2_ID":"63_3_9","href":"","similarity":0.625},{"ID":"62_1_9__63_6_3__dominanteFarbe","entity_1_ID":"62_1_9","entity_2_ID":"63_6_3","href":"","similarity":0.875},{"ID":"62_1_9__63_17_8__dominanteFarbe","entity_1_ID":"62_1_9","entity_2_ID":"63_17_8","href":"","similarity":0.625},{"ID":"62_1_9__64_2_1__dominanteFarbe","entity_1_ID":"62_1_9","entity_2_ID":"64_2_1","href":"","similarity":1.0},{"ID":"62_1_9__64_4_4__dominanteFarbe","entity_1_ID":"62_1_9","entity_2_ID":"64_4_4","href":"","similarity":1.0},{"ID":"62_1_9__64_27_1__dominanteFarbe","entity_1_ID":"62_1_9","entity_2_ID":"64_27_1","href":"","similarity":1.0},{"ID":"62_1_9__93_3_3__dominanteFarbe","entity_1_ID":"62_1_9","entity_2_ID":"93_3_3","href":"","similarity":0.625},{"ID":"62_3_14__62_3_14__dominanteFarbe","entity_1_ID":"62_3_14","entity_2_ID":"62_3_14","href":"","similarity":1.0},{"ID":"62_3_14__62_8_6__dominanteFarbe","entity_1_ID":"62_3_14","entity_2_ID":"62_8_6","href":"","similarity":0.875},{"ID":"62_3_14__63_3_6__dominanteFarbe","entity_1_ID":"62_3_14","entity_2_ID":"63_3_6","href":"","similarity":0.625},{"ID":"62_3_14__63_3_9__dominanteFarbe","entity_1_ID":"62_3_14","entity_2_ID":"63_3_9","href":"","similarity":0.875},{"ID":"62_3_14__63_6_3__dominanteFarbe","entity_1_ID":"62_3_14","entity_2_ID":"63_6_3","href":"","similarity":0.625},{"ID":"62_3_14__63_17_8__dominanteFarbe","entity_1_ID":"62_3_14","entity_2_ID":"63_17_8","href":"","similarity":1.0},{"ID":"62_3_14__64_2_1__dominanteFarbe","entity_1_ID":"62_3_14","entity_2_ID":"64_2_1","href":"","similarity":0.625},{"ID":"62_3_14__64_4_4__dominanteFarbe","entity_1_ID":"62_3_14","entity_2_ID":"64_4_4","href":"","similarity":0.625},{"ID":"62_3_14__64_27_1__dominanteFarbe","entity_1_ID":"62_3_14","entity_2_ID":"64_27_1","href":"","similarity":0.625},{"ID":"62_3_14__93_3_3__dominanteFarbe","entity_1_ID":"62_3_14","entity_2_ID":"93_3_3","href":"","similarity":1.0},{"ID":"62_8_6__62_8_6__dominanteFarbe","entity_1_ID":"62_8_6","entity_2_ID":"62_8_6","href":"","similarity":1.0},{"ID":"62_8_6__63_3_6__dominanteFarbe","entity_1_ID":"62_8_6","entity_2_ID":"63_3_6","href":"","similarity":0.625},{"ID":"62_8_6__63_3_9__dominanteFarbe","entity_1_ID":"62_8_6","entity_2_ID":"63_3_9","href":"","similarity":1.0},{"ID":"62_8_6__63_6_3__dominanteFarbe","entity_1_ID":"62_8_6","entity_2_ID":"63_6_3","href":"","similarity":0.625},{"ID":"62_8_6__63_17_8__dominanteFarbe","entity_1_ID":"62_8_6","entity_2_ID":"63_17_8","href":"","similarity":0.875},{"ID":"62_8_6__64_2_1__dominanteFarbe","entity_1_ID":"62_8_6","entity_2_ID":"64_2_1","href":"","similarity":0.625},{"ID":"62_8_6__64_4_4__dominanteFarbe","entity_1_ID":"62_8_6","entity_2_ID":"64_4_4","href":"","similarity":0.625},{"ID":"62_8_6__64_27_1__dominanteFarbe","entity_1_ID":"62_8_6","entity_2_ID":"64_27_1","href":"","similarity":0.625},{"ID":"62_8_6__93_3_3__dominanteFarbe","entity_1_ID":"62_8_6","entity_2_ID":"93_3_3","href":"","similarity":0.875},{"ID":"63_3_6__63_3_6__dominanteFarbe","entity_1_ID":"63_3_6","entity_2_ID":"63_3_6","href":"","similarity":1.0},{"ID":"63_3_6__63_3_9__dominanteFarbe","entity_1_ID":"63_3_6","entity_2_ID":"63_3_9","href":"","similarity":0.625},{"ID":"63_3_6__63_6_3__dominanteFarbe","entity_1_ID":"63_3_6","entity_2_ID":"63_6_3","href":"","similarity":0.625},{"ID":"63_3_6__63_17_8__dominanteFarbe","entity_1_ID":"63_3_6","entity_2_ID":"63_17_8","href":"","similarity":0.625},{"ID":"63_3_6__64_2_1__dominanteFarbe","entity_1_ID":"63_3_6","entity_2_ID":"64_2_1","href":"","similarity":0.625},{"ID":"63_3_6__64_4_4__dominanteFarbe","entity_1_ID":"63_3_6","entity_2_ID":"64_4_4","href":"","similarity":0.625},{"ID":"63_3_6__64_27_1__dominanteFarbe","entity_1_ID":"63_3_6","entity_2_ID":"64_27_1","href":"","similarity":0.625},{"ID":"63_3_6__93_3_3__dominanteFarbe","entity_1_ID":"63_3_6","entity_2_ID":"93_3_3","href":"","similarity":0.625},{"ID":"63_3_9__63_3_9__dominanteFarbe","entity_1_ID":"63_3_9","entity_2_ID":"63_3_9","href":"","similarity":1.0},{"ID":"63_3_9__63_6_3__dominanteFarbe","entity_1_ID":"63_3_9","entity_2_ID":"63_6_3","href":"","similarity":0.625},{"ID":"63_3_9__63_17_8__dominanteFarbe","entity_1_ID":"63_3_9","entity_2_ID":"63_17_8","href":"","similarity":0.875},{"ID":"63_3_9__64_2_1__dominanteFarbe","entity_1_ID":"63_3_9","entity_2_ID":"64_2_1","href":"","similarity":0.625},{"ID":"63_3_9__64_4_4__dominanteFarbe","entity_1_ID":"63_3_9","entity_2_ID":"64_4_4","href":"","similarity":0.625},{"ID":"63_3_9__64_27_1__dominanteFarbe","entity_1_ID":"63_3_9","entity_2_ID":"64_27_1","href":"","similarity":0.625},{"ID":"63_3_9__93_3_3__dominanteFarbe","entity_1_ID":"63_3_9","entity_2_ID":"93_3_3","href":"","similarity":0.875},{"ID":"63_6_3__63_6_3__dominanteFarbe","entity_1_ID":"63_6_3","entity_2_ID":"63_6_3","href":"","similarity":1.0},{"ID":"63_6_3__63_17_8__dominanteFarbe","entity_1_ID":"63_6_3","entity_2_ID":"63_17_8","href":"","similarity":0.625},{"ID":"63_6_3__64_2_1__dominanteFarbe","entity_1_ID":"63_6_3","entity_2_ID":"64_2_1","href":"","similarity":0.875},{"ID":"63_6_3__64_4_4__dominanteFarbe","entity_1_ID":"63_6_3","entity_2_ID":"64_4_4","href":"","similarity":0.875},{"ID":"63_6_3__64_27_1__dominanteFarbe","entity_1_ID":"63_6_3","entity_2_ID":"64_27_1","href":"","similarity":0.875},{"ID":"63_6_3__93_3_3__dominanteFarbe","entity_1_ID":"63_6_3","entity_2_ID":"93_3_3","href":"","similarity":0.625},{"ID":"63_17_8__63_17_8__dominanteFarbe","entity_1_ID":"63_17_8","entity_2_ID":"63_17_8","href":"","similarity":1.0},{"ID":"63_17_8__64_2_1__dominanteFarbe","entity_1_ID":"63_17_8","entity_2_ID":"64_2_1","href":"","similarity":0.625},{"ID":"63_17_8__64_4_4__dominanteFarbe","entity_1_ID":"63_17_8","entity_2_ID":"64_4_4","href":"","similarity":0.625},{"ID":"63_17_8__64_27_1__dominanteFarbe","entity_1_ID":"63_17_8","entity_2_ID":"64_27_1","href":"","similarity":0.625},{"ID":"63_17_8__93_3_3__dominanteFarbe","entity_1_ID":"63_17_8","entity_2_ID":"93_3_3","href":"","similarity":1.0},{"ID":"64_2_1__64_2_1__dominanteFarbe","entity_1_ID":"64_2_1","entity_2_ID":"64_2_1","href":"","similarity":1.0},{"ID":"64_2_1__64_4_4__dominanteFarbe","entity_1_ID":"64_2_1","entity_2_ID":"64_4_4","href":"","similarity":1.0},{"ID":"64_2_1__64_27_1__dominanteFarbe","entity_1_ID":"64_2_1","entity_2_ID":"64_27_1","href":"","similarity":1.0},{"ID":"64_2_1__93_3_3__dominanteFarbe","entity_1_ID":"64_2_1","entity_2_ID":"93_3_3","href":"","similarity":0.625},{"ID":"64_4_4__64_4_4__dominanteFarbe","entity_1_ID":"64_4_4","entity_2_ID":"64_4_4","href":"","similarity":1.0},{"ID":"64_4_4__64_27_1__dominanteFarbe","entity_1_ID":"64_4_4","entity_2_ID":"64_27_1","href":"","similarity":1.0},{"ID":"64_4_4__93_3_3__dominanteFarbe","entity_1_ID":"64_4_4","entity_2_ID":"93_3_3","href":"","similarity":0.625},{"ID":"64_27_1__64_27_1__dominanteFarbe","entity_1_ID":"64_27_1","entity_2_ID":"64_27_1","href":"","similarity":1.0},{"ID":"64_27_1__93_3_3__dominanteFarbe","entity_1_ID":"64_27_1","entity_2_ID":"93_3_3","href":"","similarity":0.625},{"ID":"93_3_3__93_3_3__dominanteFarbe","entity_1_ID":"93_3_3","entity_2_ID":"93_3_3","href":"","similarity":1.0}]
